file,line,type,commit,author,date,time,timezone,datetime,depth,length
style.css,1,css,b0e054a4,mihirnvad,2026-04-02,15:30:46,-07:00,2026-04-02T15:30:46-07:00,0,4
style.css,2,css,da6f6952,mihirnvad,2026-04-02,23:51:33,-07:00,2026-04-02T23:51:33-07:00,1,43
style.css,3,css,da6f6952,mihirnvad,2026-04-02,23:51:33,-07:00,2026-04-02T23:51:33-07:00,0,42
style.css,4,css,da6f6952,mihirnvad,2026-04-02,23:51:33,-07:00,2026-04-02T23:51:33-07:00,0,0
style.css,5,css,da6f6952,mihirnvad,2026-04-02,23:51:33,-07:00,2026-04-02T23:51:33-07:00,1,23
style.css,6,css,68b96dd5,mihirnvad,2026-04-10,21:08:49,-07:00,2026-04-10T21:08:49-07:00,1,15
style.css,7,css,d83cbc4f,mihirnvad,2026-04-10,21:16:42,-07:00,2026-04-10T21:16:42-07:00,1,18
style.css,8,css,d9a1c996,mihirnvad,2026-04-10,21:53:01,-07:00,2026-04-10T21:53:01-07:00,1,12
style.css,9,css,ca157932,mihirnvad,2026-04-02,23:55:34,-07:00,2026-04-02T23:55:34-07:00,0,0
style.css,10,css,ca157932,mihirnvad,2026-04-02,23:55:34,-07:00,2026-04-02T23:55:34-07:00,0,3
style.css,11,css,d9a1c996,mihirnvad,2026-04-10,21:53:01,-07:00,2026-04-10T21:53:01-07:00,1,12
style.css,12,css,d9a1c996,mihirnvad,2026-04-10,21:53:01,-07:00,2026-04-10T21:53:01-07:00,1,18
style.css,13,css,28c402cf,mihirnvad,2026-04-17,18:51:41,-07:00,2026-04-17T18:51:41-07:00,1,43
style.css,14,css,28c402cf,mihirnvad,2026-04-17,18:51:41,-07:00,2026-04-17T18:51:41-07:00,1,39
style.css,15,css,d9a1c996,mihirnvad,2026-04-10,21:53:01,-07:00,2026-04-10T21:53:01-07:00,0,0
style.css,16,css,d9a1c996,mihirnvad,2026-04-10,21:53:01,-07:00,2026-04-10T21:53:01-07:00,0,5
style.css,17,css,d9a1c996,mihirnvad,2026-04-10,21:53:01,-07:00,2026-04-10T21:53:01-07:00,1,6
style.css,18,css,d9a1c996,mihirnvad,2026-04-10,21:53:01,-07:00,2026-04-10T21:53:01-07:00,1,20
style.css,19,css,d9a1c996,mihirnvad,2026-04-10,21:53:01,-07:00,2026-04-10T21:53:01-07:00,1,13
style.css,20,css,d9a1c996,mihirnvad,2026-04-10,21:53:01,-07:00,2026-04-10T21:53:01-07:00,1,17
style.css,21,css,dc291609,mihirnvad,2026-04-10,22:13:19,-07:00,2026-04-10T22:13:19-07:00,1,13
style.css,22,css,d9a1c996,mihirnvad,2026-04-10,21:53:01,-07:00,2026-04-10T21:53:01-07:00,0,0
style.css,23,css,d9a1c996,mihirnvad,2026-04-10,21:53:01,-07:00,2026-04-10T21:53:01-07:00,0,0
style.css,24,css,d9a1c996,mihirnvad,2026-04-10,21:53:01,-07:00,2026-04-10T21:53:01-07:00,0,13
style.css,25,css,d9a1c996,mihirnvad,2026-04-10,21:53:01,-07:00,2026-04-10T21:53:01-07:00,1,43
style.css,26,css,d9a1c996,mihirnvad,2026-04-10,21:53:01,-07:00,2026-04-10T21:53:01-07:00,1,20
style.css,27,css,dc291609,mihirnvad,2026-04-10,22:13:19,-07:00,2026-04-10T22:13:19-07:00,0,0
style.css,28,css,dc291609,mihirnvad,2026-04-10,22:13:19,-07:00,2026-04-10T22:13:19-07:00,0,0
style.css,29,css,56e5ccd9,mihirnvad,2026-04-10,22:23:13,-07:00,2026-04-10T22:23:13-07:00,0,4
style.css,30,css,56e5ccd9,mihirnvad,2026-04-10,22:23:13,-07:00,2026-04-10T22:23:13-07:00,1,12
style.css,31,css,56e5ccd9,mihirnvad,2026-04-10,22:23:13,-07:00,2026-04-10T22:23:13-07:00,1,30
style.css,32,css,56e5ccd9,mihirnvad,2026-04-10,22:23:13,-07:00,2026-04-10T22:23:13-07:00,1,7
style.css,33,css,4fbb8202,mihirnvad,2026-04-10,22:37:32,-07:00,2026-04-10T22:37:32-07:00,1,10
style.css,34,css,56e5ccd9,mihirnvad,2026-04-10,22:23:13,-07:00,2026-04-10T22:23:13-07:00,0,0
style.css,35,css,56e5ccd9,mihirnvad,2026-04-10,22:23:13,-07:00,2026-04-10T22:23:13-07:00,0,0
style.css,36,css,dc291609,mihirnvad,2026-04-10,22:13:19,-07:00,2026-04-10T22:13:19-07:00,0,5
style.css,37,css,56e5ccd9,mihirnvad,2026-04-10,22:23:13,-07:00,2026-04-10T22:23:13-07:00,1,12
style.css,38,css,56e5ccd9,mihirnvad,2026-04-10,22:23:13,-07:00,2026-04-10T22:23:13-07:00,1,29
style.css,39,css,56e5ccd9,mihirnvad,2026-04-10,22:23:13,-07:00,2026-04-10T22:23:13-07:00,1,16
style.css,40,css,56e5ccd9,mihirnvad,2026-04-10,22:23:13,-07:00,2026-04-10T22:23:13-07:00,1,18
style.css,41,css,dc291609,mihirnvad,2026-04-10,22:13:19,-07:00,2026-04-10T22:13:19-07:00,0,0
style.css,42,css,dc291609,mihirnvad,2026-04-10,22:13:19,-07:00,2026-04-10T22:13:19-07:00,0,0
style.css,43,css,dc291609,mihirnvad,2026-04-10,22:13:19,-07:00,2026-04-10T22:13:19-07:00,0,4
style.css,44,css,dc291609,mihirnvad,2026-04-10,22:13:19,-07:00,2026-04-10T22:13:19-07:00,0,7
style.css,45,css,dc291609,mihirnvad,2026-04-10,22:13:19,-07:00,2026-04-10T22:13:19-07:00,0,6
style.css,46,css,dc291609,mihirnvad,2026-04-10,22:13:19,-07:00,2026-04-10T22:13:19-07:00,1,12
style.css,47,css,5ee8ddfa,mihirnvad,2026-04-10,22:31:23,-07:00,2026-04-10T22:31:23-07:00,1,11
style.css,48,css,56e5ccd9,mihirnvad,2026-04-10,22:23:13,-07:00,2026-04-10T22:23:13-07:00,1,21
style.css,49,css,dc291609,mihirnvad,2026-04-10,22:13:19,-07:00,2026-04-10T22:13:19-07:00,0,0
style.css,50,css,dc291609,mihirnvad,2026-04-10,22:13:19,-07:00,2026-04-10T22:13:19-07:00,0,0
style.css,51,css,dc291609,mihirnvad,2026-04-10,22:13:19,-07:00,2026-04-10T22:13:19-07:00,0,6
style.css,52,css,56e5ccd9,mihirnvad,2026-04-10,22:23:13,-07:00,2026-04-10T22:23:13-07:00,1,16
style.css,53,css,66ee1377,mihirnvad,2026-04-10,22:43:05,-07:00,2026-04-10T22:43:05-07:00,0,0
style.css,54,css,66ee1377,mihirnvad,2026-04-10,22:43:05,-07:00,2026-04-10T22:43:05-07:00,0,0
style.css,55,css,66ee1377,mihirnvad,2026-04-10,22:43:05,-07:00,2026-04-10T22:43:05-07:00,0,9
style.css,56,css,66ee1377,mihirnvad,2026-04-10,22:43:05,-07:00,2026-04-10T22:43:05-07:00,1,12
style.css,57,css,66ee1377,mihirnvad,2026-04-10,22:43:05,-07:00,2026-04-10T22:43:05-07:00,1,58
style.css,58,css,f1540a52,mihirnvad,2026-04-10,22:46:11,-07:00,2026-04-10T22:46:11-07:00,1,7
style.css,59,css,f1540a52,mihirnvad,2026-04-10,22:46:11,-07:00,2026-04-10T22:46:11-07:00,0,0
style.css,60,css,f1540a52,mihirnvad,2026-04-10,22:46:11,-07:00,2026-04-10T22:46:11-07:00,0,0
style.css,61,css,f1540a52,mihirnvad,2026-04-10,22:46:11,-07:00,2026-04-10T22:46:11-07:00,0,17
style.css,62,css,f1540a52,mihirnvad,2026-04-10,22:46:11,-07:00,2026-04-10T22:46:11-07:00,1,12
style.css,63,css,f1540a52,mihirnvad,2026-04-10,22:46:11,-07:00,2026-04-10T22:46:11-07:00,1,26
style.css,64,css,f1540a52,mihirnvad,2026-04-10,22:46:11,-07:00,2026-04-10T22:46:11-07:00,1,15
style.css,65,css,f1540a52,mihirnvad,2026-04-10,22:46:11,-07:00,2026-04-10T22:46:11-07:00,1,9
style.css,66,css,f1540a52,mihirnvad,2026-04-10,22:46:11,-07:00,2026-04-10T22:46:11-07:00,0,0
style.css,67,css,f1540a52,mihirnvad,2026-04-10,22:46:11,-07:00,2026-04-10T22:46:11-07:00,0,0
style.css,68,css,f1540a52,mihirnvad,2026-04-10,22:46:11,-07:00,2026-04-10T22:46:11-07:00,0,12
style.css,69,css,f1540a52,mihirnvad,2026-04-10,22:46:11,-07:00,2026-04-10T22:46:11-07:00,1,8
style.css,70,css,f1540a52,mihirnvad,2026-04-10,22:46:11,-07:00,2026-04-10T22:46:11-07:00,0,0
style.css,71,css,a8572334,mihirnvad,2026-04-10,22:47:52,-07:00,2026-04-10T22:47:52-07:00,0,0
style.css,72,css,a8572334,mihirnvad,2026-04-10,22:47:52,-07:00,2026-04-10T22:47:52-07:00,0,2
style.css,73,css,a8572334,mihirnvad,2026-04-10,22:47:52,-07:00,2026-04-10T22:47:52-07:00,1,14
style.css,74,css,a8572334,mihirnvad,2026-04-10,22:47:52,-07:00,2026-04-10T22:47:52-07:00,0,0
style.css,75,css,a8572334,mihirnvad,2026-04-10,22:47:52,-07:00,2026-04-10T22:47:52-07:00,0,0
style.css,76,css,a8572334,mihirnvad,2026-04-10,22:47:52,-07:00,2026-04-10T22:47:52-07:00,0,1
style.css,77,css,a8572334,mihirnvad,2026-04-10,22:47:52,-07:00,2026-04-10T22:47:52-07:00,0,1
style.css,78,css,a8572334,mihirnvad,2026-04-10,22:47:52,-07:00,2026-04-10T22:47:52-07:00,0,1
style.css,79,css,a8572334,mihirnvad,2026-04-10,22:47:52,-07:00,2026-04-10T22:47:52-07:00,0,1
style.css,80,css,a8572334,mihirnvad,2026-04-10,22:47:52,-07:00,2026-04-10T22:47:52-07:00,0,1
style.css,81,css,a8572334,mihirnvad,2026-04-10,22:47:52,-07:00,2026-04-10T22:47:52-07:00,0,2
style.css,82,css,a8572334,mihirnvad,2026-04-10,22:47:52,-07:00,2026-04-10T22:47:52-07:00,1,15
style.css,83,css,a8572334,mihirnvad,2026-04-10,22:47:52,-07:00,2026-04-10T22:47:52-07:00,1,17
style.css,84,css,3ad32797,mihirnvad,2026-04-10,22:54:12,-07:00,2026-04-10T22:54:12-07:00,0,0
style.css,85,css,3ad32797,mihirnvad,2026-04-10,22:54:12,-07:00,2026-04-10T22:54:12-07:00,0,0
style.css,86,css,3ad32797,mihirnvad,2026-04-10,22:54:12,-07:00,2026-04-10T22:54:12-07:00,0,12
style.css,87,css,3ad32797,mihirnvad,2026-04-10,22:54:12,-07:00,2026-04-10T22:54:12-07:00,1,14
style.css,88,css,3ad32797,mihirnvad,2026-04-10,22:54:12,-07:00,2026-04-10T22:54:12-07:00,0,0
style.css,89,css,3ad32797,mihirnvad,2026-04-10,22:54:12,-07:00,2026-04-10T22:54:12-07:00,0,0
style.css,90,css,3ad32797,mihirnvad,2026-04-10,22:54:12,-07:00,2026-04-10T22:54:12-07:00,0,15
style.css,91,css,3ad32797,mihirnvad,2026-04-10,22:54:12,-07:00,2026-04-10T22:54:12-07:00,1,20
style.css,92,css,3ad32797,mihirnvad,2026-04-10,22:54:12,-07:00,2026-04-10T22:54:12-07:00,0,0
style.css,93,css,3ad32797,mihirnvad,2026-04-10,22:54:12,-07:00,2026-04-10T22:54:12-07:00,0,0
style.css,94,css,3ad32797,mihirnvad,2026-04-10,22:54:12,-07:00,2026-04-10T22:54:12-07:00,0,14
style.css,95,css,3ad32797,mihirnvad,2026-04-10,22:54:12,-07:00,2026-04-10T22:54:12-07:00,1,15
style.css,96,css,3ad32797,mihirnvad,2026-04-10,22:54:12,-07:00,2026-04-10T22:54:12-07:00,0,0
style.css,97,css,3ad32797,mihirnvad,2026-04-10,22:54:12,-07:00,2026-04-10T22:54:12-07:00,0,0
style.css,98,css,3ad32797,mihirnvad,2026-04-10,22:54:12,-07:00,2026-04-10T22:54:12-07:00,0,20
style.css,99,css,3ad32797,mihirnvad,2026-04-10,22:54:12,-07:00,2026-04-10T22:54:12-07:00,1,16
style.css,100,css,3ad32797,mihirnvad,2026-04-10,22:54:12,-07:00,2026-04-10T22:54:12-07:00,0,0
style.css,101,css,3ad32797,mihirnvad,2026-04-10,22:54:12,-07:00,2026-04-10T22:54:12-07:00,0,0
style.css,102,css,3ad32797,mihirnvad,2026-04-10,22:54:12,-07:00,2026-04-10T22:54:12-07:00,0,15
style.css,103,css,3ad32797,mihirnvad,2026-04-10,22:54:12,-07:00,2026-04-10T22:54:12-07:00,1,16
style.css,104,css,3ad32797,mihirnvad,2026-04-10,22:54:12,-07:00,2026-04-10T22:54:12-07:00,1,28
style.css,105,css,3ad32797,mihirnvad,2026-04-10,22:54:12,-07:00,2026-04-10T22:54:12-07:00,1,20
style.css,106,css,3ad32797,mihirnvad,2026-04-10,22:54:12,-07:00,2026-04-10T22:54:12-07:00,1,17
style.css,107,css,3ad32797,mihirnvad,2026-04-10,22:54:12,-07:00,2026-04-10T22:54:12-07:00,0,0
style.css,108,css,3ad32797,mihirnvad,2026-04-10,22:54:12,-07:00,2026-04-10T22:54:12-07:00,0,0
style.css,109,css,3ad32797,mihirnvad,2026-04-10,22:54:12,-07:00,2026-04-10T22:54:12-07:00,0,20
style.css,110,css,3ad32797,mihirnvad,2026-04-10,22:54:12,-07:00,2026-04-10T22:54:12-07:00,1,19
style.css,111,css,3ad32797,mihirnvad,2026-04-10,22:54:12,-07:00,2026-04-10T22:54:12-07:00,0,0
style.css,112,css,3ad32797,mihirnvad,2026-04-10,22:54:12,-07:00,2026-04-10T22:54:12-07:00,0,0
style.css,113,css,3ad32797,mihirnvad,2026-04-10,22:54:12,-07:00,2026-04-10T22:54:12-07:00,0,27
style.css,114,css,3ad32797,mihirnvad,2026-04-10,22:54:12,-07:00,2026-04-10T22:54:12-07:00,1,12
style.css,115,css,3ad32797,mihirnvad,2026-04-10,22:54:12,-07:00,2026-04-10T22:54:12-07:00,1,29
style.css,116,css,3ad32797,mihirnvad,2026-04-10,22:54:12,-07:00,2026-04-10T22:54:12-07:00,1,20
style.css,117,css,3ad32797,mihirnvad,2026-04-10,22:54:12,-07:00,2026-04-10T22:54:12-07:00,1,7
style.css,118,css,3ad32797,mihirnvad,2026-04-10,22:54:12,-07:00,2026-04-10T22:54:12-07:00,1,14
style.css,119,css,3ad32797,mihirnvad,2026-04-10,22:54:12,-07:00,2026-04-10T22:54:12-07:00,0,0
style.css,120,css,3ad32797,mihirnvad,2026-04-10,22:54:12,-07:00,2026-04-10T22:54:12-07:00,0,0
style.css,121,css,3ad32797,mihirnvad,2026-04-10,22:54:12,-07:00,2026-04-10T22:54:12-07:00,0,15
style.css,122,css,3ad32797,mihirnvad,2026-04-10,22:54:12,-07:00,2026-04-10T22:54:12-07:00,1,8
style.css,123,css,3ad32797,mihirnvad,2026-04-10,22:54:12,-07:00,2026-04-10T22:54:12-07:00,1,16
style.css,124,css,3ad32797,mihirnvad,2026-04-10,22:54:12,-07:00,2026-04-10T22:54:12-07:00,0,0
style.css,125,css,3ad32797,mihirnvad,2026-04-10,22:54:12,-07:00,2026-04-10T22:54:12-07:00,0,0
style.css,126,css,3ad32797,mihirnvad,2026-04-10,22:54:12,-07:00,2026-04-10T22:54:12-07:00,0,17
style.css,127,css,3ad32797,mihirnvad,2026-04-10,22:54:12,-07:00,2026-04-10T22:54:12-07:00,1,10
style.css,128,css,3ad32797,mihirnvad,2026-04-10,22:54:12,-07:00,2026-04-10T22:54:12-07:00,1,17
style.css,129,css,3ad32797,mihirnvad,2026-04-10,22:54:12,-07:00,2026-04-10T22:54:12-07:00,0,0
style.css,130,css,3ad32797,mihirnvad,2026-04-10,22:54:12,-07:00,2026-04-10T22:54:12-07:00,0,0
style.css,131,css,3ad32797,mihirnvad,2026-04-10,22:54:12,-07:00,2026-04-10T22:54:12-07:00,0,15
style.css,132,css,3ad32797,mihirnvad,2026-04-10,22:54:12,-07:00,2026-04-10T22:54:12-07:00,1,16
style.css,133,css,3ad32797,mihirnvad,2026-04-10,22:54:12,-07:00,2026-04-10T22:54:12-07:00,1,19
style.css,134,css,3ad32797,mihirnvad,2026-04-10,22:54:12,-07:00,2026-04-10T22:54:12-07:00,0,0
style.css,135,css,3ad32797,mihirnvad,2026-04-10,22:54:12,-07:00,2026-04-10T22:54:12-07:00,0,0
style.css,136,css,3ad32797,mihirnvad,2026-04-10,22:54:12,-07:00,2026-04-10T22:54:12-07:00,0,15
style.css,137,css,3ad32797,mihirnvad,2026-04-10,22:54:12,-07:00,2026-04-10T22:54:12-07:00,1,20
style.css,138,css,a9d0ba46,mihirnvad,2026-04-17,18:45:27,-07:00,2026-04-17T18:45:27-07:00,0,0
style.css,139,css,a9d0ba46,mihirnvad,2026-04-17,18:45:27,-07:00,2026-04-17T18:45:27-07:00,0,0
style.css,140,css,a9d0ba46,mihirnvad,2026-04-17,18:45:27,-07:00,2026-04-17T18:45:27-07:00,0,4
style.css,141,css,a9d0ba46,mihirnvad,2026-04-17,18:45:27,-07:00,2026-04-17T18:45:27-07:00,1,23
style.css,142,css,a9d0ba46,mihirnvad,2026-04-17,18:45:27,-07:00,2026-04-17T18:45:27-07:00,0,0
style.css,143,css,a9d0ba46,mihirnvad,2026-04-17,18:45:27,-07:00,2026-04-17T18:45:27-07:00,0,0
style.css,144,css,a9d0ba46,mihirnvad,2026-04-17,18:45:27,-07:00,2026-04-17T18:45:27-07:00,0,4
style.css,145,css,a9d0ba46,mihirnvad,2026-04-17,18:45:27,-07:00,2026-04-17T18:45:27-07:00,1,23
style.css,146,css,a9d0ba46,mihirnvad,2026-04-17,18:45:27,-07:00,2026-04-17T18:45:27-07:00,1,16
style.css,147,css,ca362828,mihirnvad,2026-04-17,18:57:58,-07:00,2026-04-17T18:57:58-07:00,0,0
style.css,148,css,ca362828,mihirnvad,2026-04-17,18:57:58,-07:00,2026-04-17T18:57:58-07:00,0,0
style.css,149,css,ca362828,mihirnvad,2026-04-17,18:57:58,-07:00,2026-04-17T18:57:58-07:00,0,13
style.css,150,css,ca362828,mihirnvad,2026-04-17,18:57:58,-07:00,2026-04-17T18:57:58-07:00,1,17
style.css,151,css,ca362828,mihirnvad,2026-04-17,18:57:58,-07:00,2026-04-17T18:57:58-07:00,1,8
style.css,152,css,ca362828,mihirnvad,2026-04-17,18:57:58,-07:00,2026-04-17T18:57:58-07:00,1,10
style.css,153,css,ca362828,mihirnvad,2026-04-17,18:57:58,-07:00,2026-04-17T18:57:58-07:00,1,13
style.css,154,css,ca362828,mihirnvad,2026-04-17,18:57:58,-07:00,2026-04-17T18:57:58-07:00,0,0
style.css,155,css,ca362828,mihirnvad,2026-04-17,18:57:58,-07:00,2026-04-17T18:57:58-07:00,0,0
style.css,156,css,ca362828,mihirnvad,2026-04-17,18:57:58,-07:00,2026-04-17T18:57:58-07:00,0,4
style.css,157,css,ca362828,mihirnvad,2026-04-17,18:57:58,-07:00,2026-04-17T18:57:58-07:00,0,7
style.css,158,css,ca362828,mihirnvad,2026-04-17,18:57:58,-07:00,2026-04-17T18:57:58-07:00,0,5
style.css,159,css,ca362828,mihirnvad,2026-04-17,18:57:58,-07:00,2026-04-17T18:57:58-07:00,0,6
style.css,160,css,ca362828,mihirnvad,2026-04-17,18:57:58,-07:00,2026-04-17T18:57:58-07:00,1,19
style.css,161,css,b6e85988,mihirnvad,2026-04-24,23:10:29,-07:00,2026-04-24T23:10:29-07:00,0,0
style.css,162,css,b6e85988,mihirnvad,2026-04-24,23:10:29,-07:00,2026-04-24T23:10:29-07:00,0,0
style.css,163,css,b6e85988,mihirnvad,2026-04-24,23:10:29,-07:00,2026-04-24T23:10:29-07:00,0,17
style.css,164,css,b6e85988,mihirnvad,2026-04-24,23:10:29,-07:00,2026-04-24T23:10:29-07:00,1,12
style.css,165,css,b6e85988,mihirnvad,2026-04-24,23:10:29,-07:00,2026-04-24T23:10:29-07:00,1,36
style.css,166,css,b6e85988,mihirnvad,2026-04-24,23:10:29,-07:00,2026-04-24T23:10:29-07:00,1,10
style.css,167,css,b6e85988,mihirnvad,2026-04-24,23:10:29,-07:00,2026-04-24T23:10:29-07:00,1,17
style.css,168,css,b6e85988,mihirnvad,2026-04-24,23:10:29,-07:00,2026-04-24T23:10:29-07:00,0,0
style.css,169,css,b6e85988,mihirnvad,2026-04-24,23:10:29,-07:00,2026-04-24T23:10:29-07:00,0,0
style.css,170,css,b6e85988,mihirnvad,2026-04-24,23:10:29,-07:00,2026-04-24T23:10:29-07:00,0,17
style.css,171,css,b6e85988,mihirnvad,2026-04-24,23:10:29,-07:00,2026-04-24T23:10:29-07:00,1,10
style.css,172,css,b6e85988,mihirnvad,2026-04-24,23:10:29,-07:00,2026-04-24T23:10:29-07:00,1,16
style.css,173,css,b6e85988,mihirnvad,2026-04-24,23:10:29,-07:00,2026-04-24T23:10:29-07:00,0,0
style.css,174,css,b6e85988,mihirnvad,2026-04-24,23:10:29,-07:00,2026-04-24T23:10:29-07:00,0,0
style.css,175,css,b6e85988,mihirnvad,2026-04-24,23:10:29,-07:00,2026-04-24T23:10:29-07:00,0,17
style.css,176,css,b6e85988,mihirnvad,2026-04-24,23:10:29,-07:00,2026-04-24T23:10:29-07:00,1,10
style.css,177,css,b6e85988,mihirnvad,2026-04-24,23:10:29,-07:00,2026-04-24T23:10:29-07:00,1,8
style.css,178,css,b6e85988,mihirnvad,2026-04-24,23:10:29,-07:00,2026-04-24T23:10:29-07:00,0,0
style.css,179,css,36a85adc,mihirnvad,2026-05-01,23:16:09,-07:00,2026-05-01T23:16:09-07:00,0,0
style.css,180,css,36a85adc,mihirnvad,2026-05-01,23:16:09,-07:00,2026-05-01T23:16:09-07:00,0,13
style.css,181,css,36a85adc,mihirnvad,2026-05-01,23:16:09,-07:00,2026-05-01T23:16:09-07:00,1,15
style.css,182,css,36a85adc,mihirnvad,2026-05-01,23:16:09,-07:00,2026-05-01T23:16:09-07:00,1,10
style.css,183,css,36a85adc,mihirnvad,2026-05-01,23:16:09,-07:00,2026-05-01T23:16:09-07:00,1,30
style.css,184,css,36a85adc,mihirnvad,2026-05-01,23:16:09,-07:00,2026-05-01T23:16:09-07:00,1,34
style.css,185,css,36a85adc,mihirnvad,2026-05-01,23:16:09,-07:00,2026-05-01T23:16:09-07:00,0,0
style.css,186,css,36a85adc,mihirnvad,2026-05-01,23:16:09,-07:00,2026-05-01T23:16:09-07:00,0,0
style.css,187,css,36a85adc,mihirnvad,2026-05-01,23:16:09,-07:00,2026-05-01T23:16:09-07:00,0,18
style.css,188,css,36a85adc,mihirnvad,2026-05-01,23:16:09,-07:00,2026-05-01T23:16:09-07:00,1,14
style.css,189,css,36a85adc,mihirnvad,2026-05-01,23:16:09,-07:00,2026-05-01T23:16:09-07:00,1,16
style.css,190,css,36a85adc,mihirnvad,2026-05-01,23:16:09,-07:00,2026-05-01T23:16:09-07:00,1,16
style.css,191,css,36a85adc,mihirnvad,2026-05-01,23:16:09,-07:00,2026-05-01T23:16:09-07:00,0,0
style.css,192,css,36a85adc,mihirnvad,2026-05-01,23:16:09,-07:00,2026-05-01T23:16:09-07:00,0,0
style.css,193,css,36a85adc,mihirnvad,2026-05-01,23:16:09,-07:00,2026-05-01T23:16:09-07:00,0,23
style.css,194,css,36a85adc,mihirnvad,2026-05-01,23:16:09,-07:00,2026-05-01T23:16:09-07:00,1,12
style.css,195,css,36a85adc,mihirnvad,2026-05-01,23:16:09,-07:00,2026-05-01T23:16:09-07:00,1,18
style.css,196,css,36a85adc,mihirnvad,2026-05-01,23:16:09,-07:00,2026-05-01T23:16:09-07:00,1,7
style.css,197,css,36a85adc,mihirnvad,2026-05-01,23:16:09,-07:00,2026-05-01T23:16:09-07:00,1,16
style.css,198,css,36a85adc,mihirnvad,2026-05-01,23:16:09,-07:00,2026-05-01T23:16:09-07:00,0,0
style.css,199,css,36a85adc,mihirnvad,2026-05-01,23:16:09,-07:00,2026-05-01T23:16:09-07:00,0,0
style.css,200,css,36a85adc,mihirnvad,2026-05-01,23:16:09,-07:00,2026-05-01T23:16:09-07:00,0,7
style.css,201,css,36a85adc,mihirnvad,2026-05-01,23:16:09,-07:00,2026-05-01T23:16:09-07:00,1,6
style.css,202,css,36a85adc,mihirnvad,2026-05-01,23:16:09,-07:00,2026-05-01T23:16:09-07:00,1,12
style.css,203,css,36a85adc,mihirnvad,2026-05-01,23:16:09,-07:00,2026-05-01T23:16:09-07:00,1,57
style.css,204,css,36a85adc,mihirnvad,2026-05-01,23:16:09,-07:00,2026-05-01T23:16:09-07:00,1,7
style.css,205,css,36a85adc,mihirnvad,2026-05-01,23:16:09,-07:00,2026-05-01T23:16:09-07:00,1,42
style.css,206,css,36a85adc,mihirnvad,2026-05-01,23:16:09,-07:00,2026-05-01T23:16:09-07:00,1,11
style.css,207,css,36a85adc,mihirnvad,2026-05-01,23:16:09,-07:00,2026-05-01T23:16:09-07:00,1,8
style.css,208,css,36a85adc,mihirnvad,2026-05-01,23:16:09,-07:00,2026-05-01T23:16:09-07:00,1,15
style.css,209,css,36a85adc,mihirnvad,2026-05-01,23:16:09,-07:00,2026-05-01T23:16:09-07:00,0,0
style.css,210,css,36a85adc,mihirnvad,2026-05-01,23:16:09,-07:00,2026-05-01T23:16:09-07:00,0,0
style.css,211,css,36a85adc,mihirnvad,2026-05-01,23:16:09,-07:00,2026-05-01T23:16:09-07:00,0,12
style.css,212,css,36a85adc,mihirnvad,2026-05-01,23:16:09,-07:00,2026-05-01T23:16:09-07:00,1,12
style.css,213,css,36a85adc,mihirnvad,2026-05-01,23:16:09,-07:00,2026-05-01T23:16:09-07:00,1,18
style.css,214,css,36a85adc,mihirnvad,2026-05-01,23:16:09,-07:00,2026-05-01T23:16:09-07:00,1,9
style.css,215,css,36a85adc,mihirnvad,2026-05-01,23:16:09,-07:00,2026-05-01T23:16:09-07:00,0,0
style.css,216,css,36a85adc,mihirnvad,2026-05-01,23:16:09,-07:00,2026-05-01T23:16:09-07:00,0,0
style.css,217,css,36a85adc,mihirnvad,2026-05-01,23:16:09,-07:00,2026-05-01T23:16:09-07:00,0,7
style.css,218,css,36a85adc,mihirnvad,2026-05-01,23:16:09,-07:00,2026-05-01T23:16:09-07:00,1,20
style.css,219,css,36a85adc,mihirnvad,2026-05-01,23:16:09,-07:00,2026-05-01T23:16:09-07:00,1,9
style.css,220,css,36a85adc,mihirnvad,2026-05-01,23:16:09,-07:00,2026-05-01T23:16:09-07:00,1,18
style.css,221,css,36a85adc,mihirnvad,2026-05-01,23:16:09,-07:00,2026-05-01T23:16:09-07:00,1,23
style.css,222,css,36a85adc,mihirnvad,2026-05-01,23:16:09,-07:00,2026-05-01T23:16:09-07:00,1,17
style.css,223,css,36a85adc,mihirnvad,2026-05-01,23:16:09,-07:00,2026-05-01T23:16:09-07:00,0,0
style.css,224,css,36a85adc,mihirnvad,2026-05-01,23:16:09,-07:00,2026-05-01T23:16:09-07:00,0,0
style.css,225,css,36a85adc,mihirnvad,2026-05-01,23:16:09,-07:00,2026-05-01T23:16:09-07:00,0,10
style.css,226,css,36a85adc,mihirnvad,2026-05-01,23:16:09,-07:00,2026-05-01T23:16:09-07:00,1,13
style.css,227,css,36a85adc,mihirnvad,2026-05-01,23:16:09,-07:00,2026-05-01T23:16:09-07:00,1,10
style.css,228,css,36a85adc,mihirnvad,2026-05-01,23:16:09,-07:00,2026-05-01T23:16:09-07:00,1,14
style.css,229,css,36a85adc,mihirnvad,2026-05-01,23:16:09,-07:00,2026-05-01T23:16:09-07:00,1,13
style.css,230,css,36a85adc,mihirnvad,2026-05-01,23:16:09,-07:00,2026-05-01T23:16:09-07:00,1,20
style.css,231,css,36a85adc,mihirnvad,2026-05-01,23:16:09,-07:00,2026-05-01T23:16:09-07:00,1,12
style.css,232,css,36a85adc,mihirnvad,2026-05-01,23:16:09,-07:00,2026-05-01T23:16:09-07:00,0,0
style.css,233,css,36a85adc,mihirnvad,2026-05-01,23:16:09,-07:00,2026-05-01T23:16:09-07:00,0,0
style.css,234,css,36a85adc,mihirnvad,2026-05-01,23:16:09,-07:00,2026-05-01T23:16:09-07:00,0,23
style.css,235,css,36a85adc,mihirnvad,2026-05-01,23:16:09,-07:00,2026-05-01T23:16:09-07:00,1,14
style.css,236,css,36a85adc,mihirnvad,2026-05-01,23:16:09,-07:00,2026-05-01T23:16:09-07:00,1,16
style.css,237,css,36a85adc,mihirnvad,2026-05-01,23:16:09,-07:00,2026-05-01T23:16:09-07:00,0,0
style.css,238,css,36a85adc,mihirnvad,2026-05-01,23:16:09,-07:00,2026-05-01T23:16:09-07:00,0,0
style.css,239,css,36a85adc,mihirnvad,2026-05-01,23:16:09,-07:00,2026-05-01T23:16:09-07:00,0,51
style.css,240,css,36a85adc,mihirnvad,2026-05-01,23:16:09,-07:00,2026-05-01T23:16:09-07:00,1,11
style.css,241,css,36a85adc,mihirnvad,2026-05-01,23:16:09,-07:00,2026-05-01T23:16:09-07:00,0,0
style.css,242,css,36a85adc,mihirnvad,2026-05-01,23:16:09,-07:00,2026-05-01T23:16:09-07:00,0,0
style.css,243,css,36a85adc,mihirnvad,2026-05-01,23:16:09,-07:00,2026-05-01T23:16:09-07:00,0,9
style.css,244,css,36a85adc,mihirnvad,2026-05-01,23:16:09,-07:00,2026-05-01T23:16:09-07:00,1,35
style.css,245,css,36a85adc,mihirnvad,2026-05-01,23:16:09,-07:00,2026-05-01T23:16:09-07:00,0,0
style.css,246,css,36a85adc,mihirnvad,2026-05-01,23:16:09,-07:00,2026-05-01T23:16:09-07:00,0,0
style.css,247,css,36a85adc,mihirnvad,2026-05-01,23:16:09,-07:00,2026-05-01T23:16:09-07:00,0,18
style.css,248,css,36a85adc,mihirnvad,2026-05-01,23:16:09,-07:00,2026-05-01T23:16:09-07:00,1,17
style.css,249,css,36a85adc,mihirnvad,2026-05-01,23:16:09,-07:00,2026-05-01T23:16:09-07:00,0,0
index.js,1,js,bd5271c6,mihirnvad,2026-04-24,22:59:47,-07:00,2026-04-24T22:59:47-07:00,0,71
index.js,2,js,0d6b3642,mihirnvad,2026-04-24,22:48:37,-07:00,2026-04-24T22:48:37-07:00,0,0
index.js,3,js,0d6b3642,mihirnvad,2026-04-24,22:48:37,-07:00,2026-04-24T22:48:37-07:00,0,54
index.js,4,js,0d6b3642,mihirnvad,2026-04-24,22:48:37,-07:00,2026-04-24T22:48:37-07:00,0,42
index.js,5,js,0d6b3642,mihirnvad,2026-04-24,22:48:37,-07:00,2026-04-24T22:48:37-07:00,0,0
index.js,6,js,0d6b3642,mihirnvad,2026-04-24,22:48:37,-07:00,2026-04-24T22:48:37-07:00,0,60
index.js,7,js,0d6b3642,mihirnvad,2026-04-24,22:48:37,-07:00,2026-04-24T22:48:37-07:00,0,0
index.js,8,js,bd5271c6,mihirnvad,2026-04-24,22:59:47,-07:00,2026-04-24T22:59:47-07:00,0,54
index.js,9,js,bd5271c6,mihirnvad,2026-04-24,22:59:47,-07:00,2026-04-24T22:59:47-07:00,0,0
index.js,10,js,bd5271c6,mihirnvad,2026-04-24,22:59:47,-07:00,2026-04-24T22:59:47-07:00,0,52
index.js,11,js,bd5271c6,mihirnvad,2026-04-24,22:59:47,-07:00,2026-04-24T22:59:47-07:00,0,0
index.js,12,js,bd5271c6,mihirnvad,2026-04-24,22:59:47,-07:00,2026-04-24T22:59:47-07:00,0,60
index.js,13,js,bd5271c6,mihirnvad,2026-04-24,22:59:47,-07:00,2026-04-24T22:59:47-07:00,0,0
index.js,14,js,b6e85988,mihirnvad,2026-04-24,23:10:29,-07:00,2026-04-24T23:10:29-07:00,0,17
index.js,15,js,b6e85988,mihirnvad,2026-04-24,23:10:29,-07:00,2026-04-24T23:10:29-07:00,1,24
index.js,16,js,b6e85988,mihirnvad,2026-04-24,23:10:29,-07:00,2026-04-24T23:10:29-07:00,2,2
index.js,17,js,b6e85988,mihirnvad,2026-04-24,23:10:29,-07:00,2026-04-24T23:10:29-07:00,3,55
index.js,18,js,b6e85988,mihirnvad,2026-04-24,23:10:29,-07:00,2026-04-24T23:10:29-07:00,3,55
index.js,19,js,b6e85988,mihirnvad,2026-04-24,23:10:29,-07:00,2026-04-24T23:10:29-07:00,3,49
index.js,20,js,b6e85988,mihirnvad,2026-04-24,23:10:29,-07:00,2026-04-24T23:10:29-07:00,3,49
index.js,21,js,b6e85988,mihirnvad,2026-04-24,23:10:29,-07:00,2026-04-24T23:10:29-07:00,2,3
index.js,22,js,b6e85988,mihirnvad,2026-04-24,23:10:29,-07:00,2026-04-24T23:10:29-07:00,1,0
index.js,23,js,b6e85988,mihirnvad,2026-04-24,23:10:29,-07:00,2026-04-24T23:10:29-07:00,0,0
index.html,1,html,a424ee85,mihirnvad,2026-04-02,14:57:49,-07:00,2026-04-02T14:57:49-07:00,0,13
index.html,2,html,a424ee85,mihirnvad,2026-04-02,14:57:49,-07:00,2026-04-02T14:57:49-07:00,0,14
index.html,3,html,a424ee85,mihirnvad,2026-04-02,14:57:49,-07:00,2026-04-02T14:57:49-07:00,0,4
index.html,4,html,a424ee85,mihirnvad,2026-04-02,14:57:49,-07:00,2026-04-02T14:57:49-07:00,2,20
index.html,5,html,a424ee85,mihirnvad,2026-04-02,14:57:49,-07:00,2026-04-02T14:57:49-07:00,2,68
index.html,6,html,a424ee85,mihirnvad,2026-04-02,14:57:49,-07:00,2026-04-02T14:57:49-07:00,2,51
index.html,7,html,0e38df7b,mihirnvad,2026-04-10,21:59:38,-07:00,2026-04-10T21:59:38-07:00,2,41
index.html,8,html,a60e2a64,mihirnvad,2026-04-17,17:29:07,-07:00,2026-04-17T17:29:07-07:00,2,45
index.html,9,html,bd5271c6,mihirnvad,2026-04-24,22:59:47,-07:00,2026-04-24T22:59:47-07:00,2,50
index.html,10,html,a424ee85,mihirnvad,2026-04-02,14:57:49,-07:00,2026-04-02T14:57:49-07:00,0,5
index.html,11,html,a424ee85,mihirnvad,2026-04-02,14:57:49,-07:00,2026-04-02T14:57:49-07:00,0,4
index.html,12,html,57a35dc2,mihirnvad,2026-04-10,21:58:19,-07:00,2026-04-10T21:58:19-07:00,2,17
index.html,13,html,57a35dc2,mihirnvad,2026-04-10,21:58:19,-07:00,2026-04-10T21:58:19-07:00,2,83
index.html,14,html,57a35dc2,mihirnvad,2026-04-10,21:58:19,-07:00,2026-04-10T21:58:19-07:00,4,98
index.html,15,html,57a35dc2,mihirnvad,2026-04-10,21:58:19,-07:00,2026-04-10T21:58:19-07:00,2,82
index.html,16,html,57a35dc2,mihirnvad,2026-04-10,21:58:19,-07:00,2026-04-10T21:58:19-07:00,2,2
index.html,17,html,0d6b3642,mihirnvad,2026-04-24,22:48:37,-07:00,2026-04-24T22:48:37-07:00,1,22
index.html,18,html,bd5271c6,mihirnvad,2026-04-24,22:59:47,-07:00,2026-04-24T22:59:47-07:00,1,20
index.html,19,html,bd5271c6,mihirnvad,2026-04-24,22:59:47,-07:00,2026-04-24T22:59:47-07:00,0,0
index.html,20,html,bd5271c6,mihirnvad,2026-04-24,22:59:47,-07:00,2026-04-24T22:59:47-07:00,1,4
index.html,21,html,bd5271c6,mihirnvad,2026-04-24,22:59:47,-07:00,2026-04-24T22:59:47-07:00,0,0
index.html,22,html,bd5271c6,mihirnvad,2026-04-24,22:59:47,-07:00,2026-04-24T22:59:47-07:00,1,19
index.html,23,html,bd5271c6,mihirnvad,2026-04-24,22:59:47,-07:00,2026-04-24T22:59:47-07:00,1,22
index.html,24,html,bd5271c6,mihirnvad,2026-04-24,22:59:47,-07:00,2026-04-24T22:59:47-07:00,2,0
index.html,25,html,bd5271c6,mihirnvad,2026-04-24,22:59:47,-07:00,2026-04-24T22:59:47-07:00,1,4
index.html,26,html,4677d508,mihirnvad,2026-04-03,22:40:29,-07:00,2026-04-03T22:40:29-07:00,0,0
index.html,27,html,a424ee85,mihirnvad,2026-04-02,14:57:49,-07:00,2026-04-02T14:57:49-07:00,0,5
index.html,28,html,a424ee85,mihirnvad,2026-04-02,14:57:49,-07:00,2026-04-02T14:57:49-07:00,0,5
global.js,1,js,f8ba9e49,mihirnvad,2026-04-17,17:13:39,-07:00,2026-04-17T17:13:39-07:00,0,25
global.js,2,js,f8ba9e49,mihirnvad,2026-04-17,17:13:39,-07:00,2026-04-17T17:13:39-07:00,0,0
global.js,3,js,f8ba9e49,mihirnvad,2026-04-17,17:13:39,-07:00,2026-04-17T17:13:39-07:00,0,41
global.js,4,js,f8ba9e49,mihirnvad,2026-04-17,17:13:39,-07:00,2026-04-17T17:13:39-07:00,1,52
global.js,5,js,e3b7c469,mihirnvad,2026-04-17,17:45:40,-07:00,2026-04-17T17:45:40-07:00,0,0
global.js,6,js,e3b7c469,mihirnvad,2026-04-17,17:45:40,-07:00,2026-04-17T17:45:40-07:00,0,0
global.js,7,js,3e381b33,mihirnvad,2026-04-17,18:09:51,-07:00,2026-04-17T18:09:51-07:00,0,11
global.js,8,js,6da70598,mihirnvad,2026-04-17,18:15:38,-07:00,2026-04-17T18:15:38-07:00,1,24
global.js,9,js,6da70598,mihirnvad,2026-04-17,18:15:38,-07:00,2026-04-17T18:15:38-07:00,1,37
global.js,10,js,6da70598,mihirnvad,2026-04-17,18:15:38,-07:00,2026-04-17T18:15:38-07:00,1,35
global.js,11,js,6da70598,mihirnvad,2026-04-17,18:15:38,-07:00,2026-04-17T18:15:38-07:00,1,33
global.js,12,js,6da70598,mihirnvad,2026-04-17,18:15:38,-07:00,2026-04-17T18:15:38-07:00,1,53
global.js,13,js,3e381b33,mihirnvad,2026-04-17,18:09:51,-07:00,2026-04-17T18:09:51-07:00,0,0
global.js,14,js,e3b7c469,mihirnvad,2026-04-17,17:45:40,-07:00,2026-04-17T17:45:40-07:00,0,0
global.js,15,js,3e381b33,mihirnvad,2026-04-17,18:09:51,-07:00,2026-04-17T18:09:51-07:00,0,15
global.js,16,js,3e381b33,mihirnvad,2026-04-17,18:09:51,-07:00,2026-04-17T18:09:51-07:00,1,70
global.js,17,js,3e381b33,mihirnvad,2026-04-17,18:09:51,-07:00,2026-04-17T18:09:51-07:00,2,3
global.js,18,js,ca362828,mihirnvad,2026-04-17,18:57:58,-07:00,2026-04-17T18:57:58-07:00,2,14
global.js,19,js,ca362828,mihirnvad,2026-04-17,18:57:58,-07:00,2026-04-17T18:57:58-07:00,0,0
global.js,20,js,ca362828,mihirnvad,2026-04-17,18:57:58,-07:00,2026-04-17T18:57:58-07:00,0,31
global.js,21,js,ca362828,mihirnvad,2026-04-17,18:57:58,-07:00,2026-04-17T18:57:58-07:00,1,11
global.js,22,js,ca362828,mihirnvad,2026-04-17,18:57:58,-07:00,2026-04-17T18:57:58-07:00,1,0
global.js,23,js,ca362828,mihirnvad,2026-04-17,18:57:58,-07:00,2026-04-17T18:57:58-07:00,1,26
global.js,24,js,ca362828,mihirnvad,2026-04-17,18:57:58,-07:00,2026-04-17T18:57:58-07:00,2,4
global.js,25,js,ca362828,mihirnvad,2026-04-17,18:57:58,-07:00,2026-04-17T18:57:58-07:00,2,24
global.js,26,js,ca362828,mihirnvad,2026-04-17,18:57:58,-07:00,2026-04-17T18:57:58-07:00,3,43
global.js,27,js,ca362828,mihirnvad,2026-04-17,18:57:58,-07:00,2026-04-17T18:57:58-07:00,3,34
global.js,28,js,ca362828,mihirnvad,2026-04-17,18:57:58,-07:00,2026-04-17T18:57:58-07:00,3,32
global.js,29,js,ca362828,mihirnvad,2026-04-17,18:57:58,-07:00,2026-04-17T18:57:58-07:00,2,7
global.js,30,js,ca362828,mihirnvad,2026-04-17,18:57:58,-07:00,2026-04-17T18:57:58-07:00,1,6
global.js,31,js,ca362828,mihirnvad,2026-04-17,18:57:58,-07:00,2026-04-17T18:57:58-07:00,1,0
global.js,32,js,ca362828,mihirnvad,2026-04-17,18:57:58,-07:00,2026-04-17T18:57:58-07:00,0,0
global.js,33,js,ca362828,mihirnvad,2026-04-17,18:57:58,-07:00,2026-04-17T18:57:58-07:00,0,0
global.js,34,js,ca362828,mihirnvad,2026-04-17,18:57:58,-07:00,2026-04-17T18:57:58-07:00,0,53
global.js,35,js,ca362828,mihirnvad,2026-04-17,18:57:58,-07:00,2026-04-17T18:57:58-07:00,0,0
global.js,36,js,ca362828,mihirnvad,2026-04-17,18:57:58,-07:00,2026-04-17T18:57:58-07:00,0,36
global.js,37,js,ca362828,mihirnvad,2026-04-17,18:57:58,-07:00,2026-04-17T18:57:58-07:00,1,70
global.js,38,js,ca362828,mihirnvad,2026-04-17,18:57:58,-07:00,2026-04-17T18:57:58-07:00,1,25
global.js,39,js,ca362828,mihirnvad,2026-04-17,18:57:58,-07:00,2026-04-17T18:57:58-07:00,0,0
global.js,40,js,ca362828,mihirnvad,2026-04-17,18:57:58,-07:00,2026-04-17T18:57:58-07:00,0,0
global.js,41,js,ca362828,mihirnvad,2026-04-17,18:57:58,-07:00,2026-04-17T18:57:58-07:00,0,34
global.js,42,js,ca362828,mihirnvad,2026-04-17,18:57:58,-07:00,2026-04-17T18:57:58-07:00,1,39
global.js,43,js,ca362828,mihirnvad,2026-04-17,18:57:58,-07:00,2026-04-17T18:57:58-07:00,0,0
global.js,44,js,ca362828,mihirnvad,2026-04-17,18:57:58,-07:00,2026-04-17T18:57:58-07:00,0,0
global.js,45,js,ca362828,mihirnvad,2026-04-17,18:57:58,-07:00,2026-04-17T18:57:58-07:00,0,49
global.js,46,js,ca362828,mihirnvad,2026-04-17,18:57:58,-07:00,2026-04-17T18:57:58-07:00,1,31
global.js,47,js,ca362828,mihirnvad,2026-04-17,18:57:58,-07:00,2026-04-17T18:57:58-07:00,0,0
global.js,48,js,ca362828,mihirnvad,2026-04-17,18:57:58,-07:00,2026-04-17T18:57:58-07:00,1,20
global.js,49,js,ca362828,mihirnvad,2026-04-17,18:57:58,-07:00,2026-04-17T18:57:58-07:00,1,31
global.js,50,js,ca362828,mihirnvad,2026-04-17,18:57:58,-07:00,2026-04-17T18:57:58-07:00,0,1
global.js,51,js,ca362828,mihirnvad,2026-04-17,18:57:58,-07:00,2026-04-17T18:57:58-07:00,0,0
global.js,52,js,eb236a99,mihirnvad,2026-04-17,17:49:45,-07:00,2026-04-17T17:49:45-07:00,0,0
global.js,53,js,3e381b33,mihirnvad,2026-04-17,18:09:51,-07:00,2026-04-17T18:09:51-07:00,0,38
global.js,54,js,3e381b33,mihirnvad,2026-04-17,18:09:51,-07:00,2026-04-17T18:09:51-07:00,0,25
global.js,55,js,3e381b33,mihirnvad,2026-04-17,18:09:51,-07:00,2026-04-17T18:09:51-07:00,0,0
global.js,56,js,3e381b33,mihirnvad,2026-04-17,18:09:51,-07:00,2026-04-17T18:09:51-07:00,0,20
global.js,57,js,3e381b33,mihirnvad,2026-04-17,18:09:51,-07:00,2026-04-17T18:09:51-07:00,1,14
global.js,58,js,3e381b33,mihirnvad,2026-04-17,18:09:51,-07:00,2026-04-17T18:09:51-07:00,0,0
global.js,59,js,87bcc92a,mihirnvad,2026-04-17,18:37:15,-07:00,2026-04-17T18:37:15-07:00,1,28
global.js,60,js,87bcc92a,mihirnvad,2026-04-17,18:37:15,-07:00,2026-04-17T18:37:15-07:00,2,20
global.js,61,js,87bcc92a,mihirnvad,2026-04-17,18:37:15,-07:00,2026-04-17T18:37:15-07:00,1,0
global.js,62,js,3e381b33,mihirnvad,2026-04-17,18:09:51,-07:00,2026-04-17T18:09:51-07:00,0,0
global.js,63,js,87bcc92a,mihirnvad,2026-04-17,18:37:15,-07:00,2026-04-17T18:37:15-07:00,1,34
global.js,64,js,87bcc92a,mihirnvad,2026-04-17,18:37:15,-07:00,2026-04-17T18:37:15-07:00,1,11
global.js,65,js,87bcc92a,mihirnvad,2026-04-17,18:37:15,-07:00,2026-04-17T18:37:15-07:00,1,22
global.js,66,js,3e381b33,mihirnvad,2026-04-17,18:09:51,-07:00,2026-04-17T18:09:51-07:00,0,0
global.js,67,js,87bcc92a,mihirnvad,2026-04-17,18:37:15,-07:00,2026-04-17T18:37:15-07:00,1,65
global.js,68,js,87bcc92a,mihirnvad,2026-04-17,18:37:15,-07:00,2026-04-17T18:37:15-07:00,2,25
global.js,69,js,87bcc92a,mihirnvad,2026-04-17,18:37:15,-07:00,2026-04-17T18:37:15-07:00,1,0
global.js,70,js,87bcc92a,mihirnvad,2026-04-17,18:37:15,-07:00,2026-04-17T18:37:15-07:00,0,0
global.js,71,js,87bcc92a,mihirnvad,2026-04-17,18:37:15,-07:00,2026-04-17T18:37:15-07:00,1,29
global.js,72,js,87bcc92a,mihirnvad,2026-04-17,18:37:15,-07:00,2026-04-17T18:37:15-07:00,2,18
global.js,73,js,87bcc92a,mihirnvad,2026-04-17,18:37:15,-07:00,2026-04-17T18:37:15-07:00,1,0
global.js,74,js,87bcc92a,mihirnvad,2026-04-17,18:37:15,-07:00,2026-04-17T18:37:15-07:00,0,0
global.js,75,js,87bcc92a,mihirnvad,2026-04-17,18:37:15,-07:00,2026-04-17T18:37:15-07:00,1,12
global.js,76,js,b350ae69,mihirnvad,2026-04-24,22:35:50,-07:00,2026-04-24T22:35:50-07:00,0,0
global.js,77,js,b350ae69,mihirnvad,2026-04-24,22:35:50,-07:00,2026-04-24T22:35:50-07:00,0,0
global.js,78,js,b350ae69,mihirnvad,2026-04-24,22:35:50,-07:00,2026-04-24T22:35:50-07:00,0,36
global.js,79,js,b350ae69,mihirnvad,2026-04-24,22:35:50,-07:00,2026-04-24T22:35:50-07:00,1,3
global.js,80,js,b350ae69,mihirnvad,2026-04-24,22:35:50,-07:00,2026-04-24T22:35:50-07:00,2,32
global.js,81,js,b350ae69,mihirnvad,2026-04-24,22:35:50,-07:00,2026-04-24T22:35:50-07:00,0,0
global.js,82,js,b350ae69,mihirnvad,2026-04-24,22:35:50,-07:00,2026-04-24T22:35:50-07:00,2,20
global.js,83,js,b350ae69,mihirnvad,2026-04-24,22:35:50,-07:00,2026-04-24T22:35:50-07:00,0,0
global.js,84,js,b350ae69,mihirnvad,2026-04-24,22:35:50,-07:00,2026-04-24T22:35:50-07:00,2,17
global.js,85,js,b350ae69,mihirnvad,2026-04-24,22:35:50,-07:00,2026-04-24T22:35:50-07:00,3,66
global.js,86,js,b350ae69,mihirnvad,2026-04-24,22:35:50,-07:00,2026-04-24T22:35:50-07:00,2,0
global.js,87,js,b350ae69,mihirnvad,2026-04-24,22:35:50,-07:00,2026-04-24T22:35:50-07:00,0,0
global.js,88,js,b350ae69,mihirnvad,2026-04-24,22:35:50,-07:00,2026-04-24T22:35:50-07:00,2,33
global.js,89,js,b350ae69,mihirnvad,2026-04-24,22:35:50,-07:00,2026-04-24T22:35:50-07:00,2,10
global.js,90,js,b350ae69,mihirnvad,2026-04-24,22:35:50,-07:00,2026-04-24T22:35:50-07:00,1,15
global.js,91,js,b350ae69,mihirnvad,2026-04-24,22:35:50,-07:00,2026-04-24T22:35:50-07:00,2,59
global.js,92,js,b350ae69,mihirnvad,2026-04-24,22:35:50,-07:00,2026-04-24T22:35:50-07:00,1,0
global.js,93,js,1abd15cc,mihirnvad,2026-04-24,22:42:04,-07:00,2026-04-24T22:42:04-07:00,0,0
global.js,94,js,1abd15cc,mihirnvad,2026-04-24,22:42:04,-07:00,2026-04-24T22:42:04-07:00,0,0
global.js,95,js,1abd15cc,mihirnvad,2026-04-24,22:42:04,-07:00,2026-04-24T22:42:04-07:00,0,79
global.js,96,js,1abd15cc,mihirnvad,2026-04-24,22:42:04,-07:00,2026-04-24T22:42:04-07:00,1,22
global.js,97,js,1abd15cc,mihirnvad,2026-04-24,22:42:04,-07:00,2026-04-24T22:42:04-07:00,2,41
global.js,98,js,1abd15cc,mihirnvad,2026-04-24,22:42:04,-07:00,2026-04-24T22:42:04-07:00,2,5
global.js,99,js,1abd15cc,mihirnvad,2026-04-24,22:42:04,-07:00,2026-04-24T22:42:04-07:00,1,0
global.js,100,js,1abd15cc,mihirnvad,2026-04-24,22:42:04,-07:00,2026-04-24T22:42:04-07:00,0,0
global.js,101,js,1abd15cc,mihirnvad,2026-04-24,22:42:04,-07:00,2026-04-24T22:42:04-07:00,1,29
global.js,102,js,1abd15cc,mihirnvad,2026-04-24,22:42:04,-07:00,2026-04-24T22:42:04-07:00,2,46
global.js,103,js,1abd15cc,mihirnvad,2026-04-24,22:42:04,-07:00,2026-04-24T22:42:04-07:00,2,5
global.js,104,js,1abd15cc,mihirnvad,2026-04-24,22:42:04,-07:00,2026-04-24T22:42:04-07:00,1,0
global.js,105,js,1abd15cc,mihirnvad,2026-04-24,22:42:04,-07:00,2026-04-24T22:42:04-07:00,0,0
global.js,106,js,1abd15cc,mihirnvad,2026-04-24,22:42:04,-07:00,2026-04-24T22:42:04-07:00,1,57
global.js,107,js,1abd15cc,mihirnvad,2026-04-24,22:42:04,-07:00,2026-04-24T22:42:04-07:00,0,0
global.js,108,js,1abd15cc,mihirnvad,2026-04-24,22:42:04,-07:00,2026-04-24T22:42:04-07:00,1,42
global.js,109,js,1abd15cc,mihirnvad,2026-04-24,22:42:04,-07:00,2026-04-24T22:42:04-07:00,2,37
global.js,110,js,1abd15cc,mihirnvad,2026-04-24,22:42:04,-07:00,2026-04-24T22:42:04-07:00,2,18
global.js,111,js,1abd15cc,mihirnvad,2026-04-24,22:42:04,-07:00,2026-04-24T22:42:04-07:00,1,0
global.js,112,js,1abd15cc,mihirnvad,2026-04-24,22:42:04,-07:00,2026-04-24T22:42:04-07:00,0,0
global.js,113,js,1abd15cc,mihirnvad,2026-04-24,22:42:04,-07:00,2026-04-24T22:42:04-07:00,1,30
global.js,114,js,1abd15cc,mihirnvad,2026-04-24,22:42:04,-07:00,2026-04-24T22:42:04-07:00,0,0
global.js,115,js,1abd15cc,mihirnvad,2026-04-24,22:42:04,-07:00,2026-04-24T22:42:04-07:00,1,31
global.js,116,js,1abd15cc,mihirnvad,2026-04-24,22:42:04,-07:00,2026-04-24T22:42:04-07:00,2,48
global.js,117,js,1abd15cc,mihirnvad,2026-04-24,22:42:04,-07:00,2026-04-24T22:42:04-07:00,0,0
global.js,118,js,1abd15cc,mihirnvad,2026-04-24,22:42:04,-07:00,2026-04-24T22:42:04-07:00,2,19
global.js,119,js,1abd15cc,mihirnvad,2026-04-24,22:42:04,-07:00,2026-04-24T22:42:04-07:00,3,49
global.js,120,js,1abd15cc,mihirnvad,2026-04-24,22:42:04,-07:00,2026-04-24T22:42:04-07:00,3,49
global.js,121,js,36a85adc,mihirnvad,2026-05-01,23:16:09,-07:00,2026-05-01T23:16:09-07:00,3,3
global.js,122,js,36a85adc,mihirnvad,2026-05-01,23:16:09,-07:00,2026-05-01T23:16:09-07:00,4,27
global.js,123,js,36a85adc,mihirnvad,2026-05-01,23:16:09,-07:00,2026-05-01T23:16:09-07:00,4,41
global.js,124,js,36a85adc,mihirnvad,2026-05-01,23:16:09,-07:00,2026-05-01T23:16:09-07:00,3,4
global.js,125,js,1abd15cc,mihirnvad,2026-04-24,22:42:04,-07:00,2026-04-24T22:42:04-07:00,2,0
global.js,126,js,1abd15cc,mihirnvad,2026-04-24,22:42:04,-07:00,2026-04-24T22:42:04-07:00,0,0
global.js,127,js,1abd15cc,mihirnvad,2026-04-24,22:42:04,-07:00,2026-04-24T22:42:04-07:00,2,36
global.js,128,js,1abd15cc,mihirnvad,2026-04-24,22:42:04,-07:00,2026-04-24T22:42:04-07:00,1,0
global.js,129,js,bd5271c6,mihirnvad,2026-04-24,22:59:47,-07:00,2026-04-24T22:59:47-07:00,0,0
global.js,130,js,bd5271c6,mihirnvad,2026-04-24,22:59:47,-07:00,2026-04-24T22:59:47-07:00,0,0
global.js,131,js,bd5271c6,mihirnvad,2026-04-24,22:59:47,-07:00,2026-04-24T22:59:47-07:00,0,47
global.js,132,js,bd5271c6,mihirnvad,2026-04-24,22:59:47,-07:00,2026-04-24T22:59:47-07:00,1,59
global.js,133,js,3e381b33,mihirnvad,2026-04-17,18:09:51,-07:00,2026-04-17T18:09:51-07:00,0,0
resume\index.html,1,html,4677d508,mihirnvad,2026-04-03,22:40:29,-07:00,2026-04-03T22:40:29-07:00,0,13
resume\index.html,2,html,4677d508,mihirnvad,2026-04-03,22:40:29,-07:00,2026-04-03T22:40:29-07:00,0,14
resume\index.html,3,html,4677d508,mihirnvad,2026-04-03,22:40:29,-07:00,2026-04-03T22:40:29-07:00,0,4
resume\index.html,4,html,4677d508,mihirnvad,2026-04-03,22:40:29,-07:00,2026-04-03T22:40:29-07:00,2,20
resume\index.html,5,html,4677d508,mihirnvad,2026-04-03,22:40:29,-07:00,2026-04-03T22:40:29-07:00,2,68
resume\index.html,6,html,4677d508,mihirnvad,2026-04-03,22:40:29,-07:00,2026-04-03T22:40:29-07:00,2,19
resume\index.html,7,html,4677d508,mihirnvad,2026-04-03,22:40:29,-07:00,2026-04-03T22:40:29-07:00,2,44
resume\index.html,8,html,2e829fe3,mihirnvad,2026-04-17,17:34:02,-07:00,2026-04-17T17:34:02-07:00,2,48
resume\index.html,9,html,4677d508,mihirnvad,2026-04-03,22:40:29,-07:00,2026-04-03T22:40:29-07:00,0,5
resume\index.html,10,html,3ad32797,mihirnvad,2026-04-10,22:54:12,-07:00,2026-04-10T22:54:12-07:00,0,24
resume\index.html,11,html,ca288a7b,mihirnvad,2026-04-03,23:03:39,-07:00,2026-04-03T23:03:39-07:00,0,0
resume\index.html,12,html,cb4fdcfd,mihirnvad,2026-04-10,22:50:05,-07:00,2026-04-10T22:50:05-07:00,2,23
resume\index.html,13,html,ca288a7b,mihirnvad,2026-04-03,23:03:39,-07:00,2026-04-03T23:03:39-07:00,2,1
resume\index.html,14,html,ca288a7b,mihirnvad,2026-04-03,23:03:39,-07:00,2026-04-03T23:03:39-07:00,4,70
resume\index.html,15,html,ca288a7b,mihirnvad,2026-04-03,23:03:39,-07:00,2026-04-03T23:03:39-07:00,4,55
resume\index.html,16,html,ca288a7b,mihirnvad,2026-04-03,23:03:39,-07:00,2026-04-03T23:03:39-07:00,2,2
resume\index.html,17,html,ca288a7b,mihirnvad,2026-04-03,23:03:39,-07:00,2026-04-03T23:03:39-07:00,0,0
resume\index.html,18,html,ca288a7b,mihirnvad,2026-04-03,23:03:39,-07:00,2026-04-03T23:03:39-07:00,2,7
resume\index.html,19,html,ca288a7b,mihirnvad,2026-04-03,23:03:39,-07:00,2026-04-03T23:03:39-07:00,4,16
resume\index.html,20,html,ca288a7b,mihirnvad,2026-04-03,23:03:39,-07:00,2026-04-03T23:03:39-07:00,0,0
resume\index.html,21,html,ca288a7b,mihirnvad,2026-04-03,23:03:39,-07:00,2026-04-03T23:03:39-07:00,4,7
resume\index.html,22,html,ca288a7b,mihirnvad,2026-04-03,23:03:39,-07:00,2026-04-03T23:03:39-07:00,4,6
resume\index.html,23,html,ca288a7b,mihirnvad,2026-04-03,23:03:39,-07:00,2026-04-03T23:03:39-07:00,6,42
resume\index.html,24,html,ca288a7b,mihirnvad,2026-04-03,23:03:39,-07:00,2026-04-03T23:03:39-07:00,6,1
resume\index.html,25,html,ca288a7b,mihirnvad,2026-04-03,23:03:39,-07:00,2026-04-03T23:03:39-07:00,6,67
resume\index.html,26,html,ca288a7b,mihirnvad,2026-04-03,23:03:39,-07:00,2026-04-03T23:03:39-07:00,6,2
resume\index.html,27,html,ca288a7b,mihirnvad,2026-04-03,23:03:39,-07:00,2026-04-03T23:03:39-07:00,6,81
resume\index.html,28,html,ca288a7b,mihirnvad,2026-04-03,23:03:39,-07:00,2026-04-03T23:03:39-07:00,6,2
resume\index.html,29,html,ca288a7b,mihirnvad,2026-04-03,23:03:39,-07:00,2026-04-03T23:03:39-07:00,4,7
resume\index.html,30,html,ca288a7b,mihirnvad,2026-04-03,23:03:39,-07:00,2026-04-03T23:03:39-07:00,4,14
resume\index.html,31,html,ca288a7b,mihirnvad,2026-04-03,23:03:39,-07:00,2026-04-03T23:03:39-07:00,4,96
resume\index.html,32,html,ca288a7b,mihirnvad,2026-04-03,23:03:39,-07:00,2026-04-03T23:03:39-07:00,4,8
resume\index.html,33,html,ca288a7b,mihirnvad,2026-04-03,23:03:39,-07:00,2026-04-03T23:03:39-07:00,2,8
resume\index.html,34,html,ca288a7b,mihirnvad,2026-04-03,23:03:39,-07:00,2026-04-03T23:03:39-07:00,0,0
resume\index.html,35,html,ca288a7b,mihirnvad,2026-04-03,23:03:39,-07:00,2026-04-03T23:03:39-07:00,2,7
resume\index.html,36,html,ca288a7b,mihirnvad,2026-04-03,23:03:39,-07:00,2026-04-03T23:03:39-07:00,4,17
resume\index.html,37,html,ca288a7b,mihirnvad,2026-04-03,23:03:39,-07:00,2026-04-03T23:03:39-07:00,0,0
resume\index.html,38,html,ca288a7b,mihirnvad,2026-04-03,23:03:39,-07:00,2026-04-03T23:03:39-07:00,4,7
resume\index.html,39,html,ca288a7b,mihirnvad,2026-04-03,23:03:39,-07:00,2026-04-03T23:03:39-07:00,6,6
resume\index.html,40,html,ca288a7b,mihirnvad,2026-04-03,23:03:39,-07:00,2026-04-03T23:03:39-07:00,6,20
resume\index.html,41,html,ca288a7b,mihirnvad,2026-04-03,23:03:39,-07:00,2026-04-03T23:03:39-07:00,6,87
resume\index.html,42,html,ca288a7b,mihirnvad,2026-04-03,23:03:39,-07:00,2026-04-03T23:03:39-07:00,6,7
resume\index.html,43,html,ca288a7b,mihirnvad,2026-04-03,23:03:39,-07:00,2026-04-03T23:03:39-07:00,0,0
resume\index.html,44,html,ca288a7b,mihirnvad,2026-04-03,23:03:39,-07:00,2026-04-03T23:03:39-07:00,6,2
resume\index.html,45,html,ca288a7b,mihirnvad,2026-04-03,23:03:39,-07:00,2026-04-03T23:03:39-07:00,6,120
resume\index.html,46,html,ca288a7b,mihirnvad,2026-04-03,23:03:39,-07:00,2026-04-03T23:03:39-07:00,6,116
resume\index.html,47,html,ca288a7b,mihirnvad,2026-04-03,23:03:39,-07:00,2026-04-03T23:03:39-07:00,6,101
resume\index.html,48,html,ca288a7b,mihirnvad,2026-04-03,23:03:39,-07:00,2026-04-03T23:03:39-07:00,6,3
resume\index.html,49,html,cc6ef2da,mihirnvad,2026-04-03,23:07:11,-07:00,2026-04-03T23:07:11-07:00,0,0
resume\index.html,50,html,ca288a7b,mihirnvad,2026-04-03,23:03:39,-07:00,2026-04-03T23:03:39-07:00,4,8
resume\index.html,51,html,ca288a7b,mihirnvad,2026-04-03,23:03:39,-07:00,2026-04-03T23:03:39-07:00,0,0
resume\index.html,52,html,ca288a7b,mihirnvad,2026-04-03,23:03:39,-07:00,2026-04-03T23:03:39-07:00,4,7
resume\index.html,53,html,ca288a7b,mihirnvad,2026-04-03,23:03:39,-07:00,2026-04-03T23:03:39-07:00,6,6
resume\index.html,54,html,ca288a7b,mihirnvad,2026-04-03,23:03:39,-07:00,2026-04-03T23:03:39-07:00,6,25
resume\index.html,55,html,ca288a7b,mihirnvad,2026-04-03,23:03:39,-07:00,2026-04-03T23:03:39-07:00,6,85
resume\index.html,56,html,ca288a7b,mihirnvad,2026-04-03,23:03:39,-07:00,2026-04-03T23:03:39-07:00,6,7
resume\index.html,57,html,ca288a7b,mihirnvad,2026-04-03,23:03:39,-07:00,2026-04-03T23:03:39-07:00,0,0
resume\index.html,58,html,ca288a7b,mihirnvad,2026-04-03,23:03:39,-07:00,2026-04-03T23:03:39-07:00,6,2
resume\index.html,59,html,ca288a7b,mihirnvad,2026-04-03,23:03:39,-07:00,2026-04-03T23:03:39-07:00,6,96
resume\index.html,60,html,ca288a7b,mihirnvad,2026-04-03,23:03:39,-07:00,2026-04-03T23:03:39-07:00,6,97
resume\index.html,61,html,ca288a7b,mihirnvad,2026-04-03,23:03:39,-07:00,2026-04-03T23:03:39-07:00,6,96
resume\index.html,62,html,ca288a7b,mihirnvad,2026-04-03,23:03:39,-07:00,2026-04-03T23:03:39-07:00,6,104
resume\index.html,63,html,ca288a7b,mihirnvad,2026-04-03,23:03:39,-07:00,2026-04-03T23:03:39-07:00,6,3
resume\index.html,64,html,cc6ef2da,mihirnvad,2026-04-03,23:07:11,-07:00,2026-04-03T23:07:11-07:00,0,0
resume\index.html,65,html,ca288a7b,mihirnvad,2026-04-03,23:03:39,-07:00,2026-04-03T23:03:39-07:00,4,8
resume\index.html,66,html,ca288a7b,mihirnvad,2026-04-03,23:03:39,-07:00,2026-04-03T23:03:39-07:00,0,0
resume\index.html,67,html,ca288a7b,mihirnvad,2026-04-03,23:03:39,-07:00,2026-04-03T23:03:39-07:00,4,7
resume\index.html,68,html,ca288a7b,mihirnvad,2026-04-03,23:03:39,-07:00,2026-04-03T23:03:39-07:00,6,6
resume\index.html,69,html,ca288a7b,mihirnvad,2026-04-03,23:03:39,-07:00,2026-04-03T23:03:39-07:00,6,41
resume\index.html,70,html,ca288a7b,mihirnvad,2026-04-03,23:03:39,-07:00,2026-04-03T23:03:39-07:00,6,88
resume\index.html,71,html,ca288a7b,mihirnvad,2026-04-03,23:03:39,-07:00,2026-04-03T23:03:39-07:00,6,7
resume\index.html,72,html,ca288a7b,mihirnvad,2026-04-03,23:03:39,-07:00,2026-04-03T23:03:39-07:00,0,0
resume\index.html,73,html,ca288a7b,mihirnvad,2026-04-03,23:03:39,-07:00,2026-04-03T23:03:39-07:00,6,2
resume\index.html,74,html,ca288a7b,mihirnvad,2026-04-03,23:03:39,-07:00,2026-04-03T23:03:39-07:00,6,100
resume\index.html,75,html,ca288a7b,mihirnvad,2026-04-03,23:03:39,-07:00,2026-04-03T23:03:39-07:00,6,92
resume\index.html,76,html,ca288a7b,mihirnvad,2026-04-03,23:03:39,-07:00,2026-04-03T23:03:39-07:00,6,105
resume\index.html,77,html,ca288a7b,mihirnvad,2026-04-03,23:03:39,-07:00,2026-04-03T23:03:39-07:00,6,3
resume\index.html,78,html,cc6ef2da,mihirnvad,2026-04-03,23:07:11,-07:00,2026-04-03T23:07:11-07:00,0,0
resume\index.html,79,html,ca288a7b,mihirnvad,2026-04-03,23:03:39,-07:00,2026-04-03T23:03:39-07:00,4,8
resume\index.html,80,html,ca288a7b,mihirnvad,2026-04-03,23:03:39,-07:00,2026-04-03T23:03:39-07:00,0,0
resume\index.html,81,html,ca288a7b,mihirnvad,2026-04-03,23:03:39,-07:00,2026-04-03T23:03:39-07:00,2,8
resume\index.html,82,html,ca288a7b,mihirnvad,2026-04-03,23:03:39,-07:00,2026-04-03T23:03:39-07:00,0,0
resume\index.html,83,html,ca288a7b,mihirnvad,2026-04-03,23:03:39,-07:00,2026-04-03T23:03:39-07:00,2,7
resume\index.html,84,html,ca288a7b,mihirnvad,2026-04-03,23:03:39,-07:00,2026-04-03T23:03:39-07:00,4,15
resume\index.html,85,html,ca288a7b,mihirnvad,2026-04-03,23:03:39,-07:00,2026-04-03T23:03:39-07:00,0,0
resume\index.html,86,html,ca288a7b,mihirnvad,2026-04-03,23:03:39,-07:00,2026-04-03T23:03:39-07:00,4,7
resume\index.html,87,html,ca288a7b,mihirnvad,2026-04-03,23:03:39,-07:00,2026-04-03T23:03:39-07:00,6,6
resume\index.html,88,html,ca288a7b,mihirnvad,2026-04-03,23:03:39,-07:00,2026-04-03T23:03:39-07:00,6,27
resume\index.html,89,html,ca288a7b,mihirnvad,2026-04-03,23:03:39,-07:00,2026-04-03T23:03:39-07:00,6,87
resume\index.html,90,html,ca288a7b,mihirnvad,2026-04-03,23:03:39,-07:00,2026-04-03T23:03:39-07:00,6,7
resume\index.html,91,html,ca288a7b,mihirnvad,2026-04-03,23:03:39,-07:00,2026-04-03T23:03:39-07:00,0,0
resume\index.html,92,html,ca288a7b,mihirnvad,2026-04-03,23:03:39,-07:00,2026-04-03T23:03:39-07:00,6,2
resume\index.html,93,html,ca288a7b,mihirnvad,2026-04-03,23:03:39,-07:00,2026-04-03T23:03:39-07:00,6,112
resume\index.html,94,html,ca288a7b,mihirnvad,2026-04-03,23:03:39,-07:00,2026-04-03T23:03:39-07:00,6,111
resume\index.html,95,html,ca288a7b,mihirnvad,2026-04-03,23:03:39,-07:00,2026-04-03T23:03:39-07:00,6,91
resume\index.html,96,html,ca288a7b,mihirnvad,2026-04-03,23:03:39,-07:00,2026-04-03T23:03:39-07:00,6,71
resume\index.html,97,html,ca288a7b,mihirnvad,2026-04-03,23:03:39,-07:00,2026-04-03T23:03:39-07:00,6,3
resume\index.html,98,html,cc6ef2da,mihirnvad,2026-04-03,23:07:11,-07:00,2026-04-03T23:07:11-07:00,0,0
resume\index.html,99,html,ca288a7b,mihirnvad,2026-04-03,23:03:39,-07:00,2026-04-03T23:03:39-07:00,4,8
resume\index.html,100,html,ca288a7b,mihirnvad,2026-04-03,23:03:39,-07:00,2026-04-03T23:03:39-07:00,0,0
resume\index.html,101,html,ca288a7b,mihirnvad,2026-04-03,23:03:39,-07:00,2026-04-03T23:03:39-07:00,4,7
resume\index.html,102,html,ca288a7b,mihirnvad,2026-04-03,23:03:39,-07:00,2026-04-03T23:03:39-07:00,6,6
resume\index.html,103,html,ca288a7b,mihirnvad,2026-04-03,23:03:39,-07:00,2026-04-03T23:03:39-07:00,6,46
resume\index.html,104,html,ca288a7b,mihirnvad,2026-04-03,23:03:39,-07:00,2026-04-03T23:03:39-07:00,6,88
resume\index.html,105,html,ca288a7b,mihirnvad,2026-04-03,23:03:39,-07:00,2026-04-03T23:03:39-07:00,6,7
resume\index.html,106,html,ca288a7b,mihirnvad,2026-04-03,23:03:39,-07:00,2026-04-03T23:03:39-07:00,0,0
resume\index.html,107,html,ca288a7b,mihirnvad,2026-04-03,23:03:39,-07:00,2026-04-03T23:03:39-07:00,6,2
resume\index.html,108,html,ca288a7b,mihirnvad,2026-04-03,23:03:39,-07:00,2026-04-03T23:03:39-07:00,6,99
resume\index.html,109,html,ca288a7b,mihirnvad,2026-04-03,23:03:39,-07:00,2026-04-03T23:03:39-07:00,6,97
resume\index.html,110,html,ca288a7b,mihirnvad,2026-04-03,23:03:39,-07:00,2026-04-03T23:03:39-07:00,6,97
resume\index.html,111,html,ca288a7b,mihirnvad,2026-04-03,23:03:39,-07:00,2026-04-03T23:03:39-07:00,6,3
resume\index.html,112,html,cc6ef2da,mihirnvad,2026-04-03,23:07:11,-07:00,2026-04-03T23:07:11-07:00,0,0
resume\index.html,113,html,ca288a7b,mihirnvad,2026-04-03,23:03:39,-07:00,2026-04-03T23:03:39-07:00,4,8
resume\index.html,114,html,ca288a7b,mihirnvad,2026-04-03,23:03:39,-07:00,2026-04-03T23:03:39-07:00,0,0
resume\index.html,115,html,ca288a7b,mihirnvad,2026-04-03,23:03:39,-07:00,2026-04-03T23:03:39-07:00,2,8
resume\index.html,116,html,ca288a7b,mihirnvad,2026-04-03,23:03:39,-07:00,2026-04-03T23:03:39-07:00,0,0
resume\index.html,117,html,ca288a7b,mihirnvad,2026-04-03,23:03:39,-07:00,2026-04-03T23:03:39-07:00,2,7
resume\index.html,118,html,cc6ef2da,mihirnvad,2026-04-03,23:07:11,-07:00,2026-04-03T23:07:11-07:00,4,23
resume\index.html,119,html,ca288a7b,mihirnvad,2026-04-03,23:03:39,-07:00,2026-04-03T23:03:39-07:00,0,0
resume\index.html,120,html,cc6ef2da,mihirnvad,2026-04-03,23:07:11,-07:00,2026-04-03T23:07:11-07:00,4,2
resume\index.html,121,html,cc6ef2da,mihirnvad,2026-04-03,23:07:11,-07:00,2026-04-03T23:07:11-07:00,6,58
resume\index.html,122,html,cc6ef2da,mihirnvad,2026-04-03,23:07:11,-07:00,2026-04-03T23:07:11-07:00,6,72
resume\index.html,123,html,cc6ef2da,mihirnvad,2026-04-03,23:07:11,-07:00,2026-04-03T23:07:11-07:00,6,102
resume\index.html,124,html,cc6ef2da,mihirnvad,2026-04-03,23:07:11,-07:00,2026-04-03T23:07:11-07:00,4,3
resume\index.html,125,html,ca288a7b,mihirnvad,2026-04-03,23:03:39,-07:00,2026-04-03T23:03:39-07:00,0,0
resume\index.html,126,html,ca288a7b,mihirnvad,2026-04-03,23:03:39,-07:00,2026-04-03T23:03:39-07:00,2,8
resume\index.html,127,html,ca288a7b,mihirnvad,2026-04-03,23:03:39,-07:00,2026-04-03T23:03:39-07:00,0,0
resume\index.html,128,html,4677d508,mihirnvad,2026-04-03,22:40:29,-07:00,2026-04-03T22:40:29-07:00,0,5
resume\index.html,129,html,4677d508,mihirnvad,2026-04-03,22:40:29,-07:00,2026-04-03T22:40:29-07:00,0,5
projects\projects.js,1,js,3b3aece6,mihirnvad,2026-04-24,22:38:07,-07:00,2026-04-24T22:38:07-07:00,0,55
projects\projects.js,2,js,36a85adc,mihirnvad,2026-05-01,23:16:09,-07:00,2026-05-01T23:16:09-07:00,0,63
projects\projects.js,3,js,3b3aece6,mihirnvad,2026-04-24,22:38:07,-07:00,2026-04-24T22:38:07-07:00,0,0
projects\projects.js,4,js,3b3aece6,mihirnvad,2026-04-24,22:38:07,-07:00,2026-04-24T22:38:07-07:00,0,55
projects\projects.js,5,js,3b3aece6,mihirnvad,2026-04-24,22:38:07,-07:00,2026-04-24T22:38:07-07:00,0,0
projects\projects.js,6,js,3b3aece6,mihirnvad,2026-04-24,22:38:07,-07:00,2026-04-24T22:38:07-07:00,0,60
projects\projects.js,7,js,0d6b3642,mihirnvad,2026-04-24,22:48:37,-07:00,2026-04-24T22:48:37-07:00,0,62
projects\projects.js,8,js,36a85adc,mihirnvad,2026-05-01,23:16:09,-07:00,2026-05-01T23:16:09-07:00,0,55
projects\projects.js,9,js,36a85adc,mihirnvad,2026-05-01,23:16:09,-07:00,2026-05-01T23:16:09-07:00,0,0
projects\projects.js,10,js,36a85adc,mihirnvad,2026-05-01,23:16:09,-07:00,2026-05-01T23:16:09-07:00,0,13
projects\projects.js,11,js,36a85adc,mihirnvad,2026-05-01,23:16:09,-07:00,2026-05-01T23:16:09-07:00,0,21
projects\projects.js,12,js,0d6b3642,mihirnvad,2026-04-24,22:48:37,-07:00,2026-04-24T22:48:37-07:00,0,0
projects\projects.js,13,js,0d6b3642,mihirnvad,2026-04-24,22:48:37,-07:00,2026-04-24T22:48:37-07:00,0,56
projects\projects.js,14,js,3b3aece6,mihirnvad,2026-04-24,22:38:07,-07:00,2026-04-24T22:38:07-07:00,0,0
projects\projects.js,15,js,36a85adc,mihirnvad,2026-05-01,23:16:09,-07:00,2026-05-01T23:16:09-07:00,0,48
projects\projects.js,16,js,36a85adc,mihirnvad,2026-05-01,23:16:09,-07:00,2026-05-01T23:16:09-07:00,0,23
projects\projects.js,17,js,36a85adc,mihirnvad,2026-05-01,23:16:09,-07:00,2026-05-01T23:16:09-07:00,0,0
projects\projects.js,18,js,36a85adc,mihirnvad,2026-05-01,23:16:09,-07:00,2026-05-01T23:16:09-07:00,0,30
projects\projects.js,19,js,36a85adc,mihirnvad,2026-05-01,23:16:09,-07:00,2026-05-01T23:16:09-07:00,1,35
projects\projects.js,20,js,36a85adc,mihirnvad,2026-05-01,23:16:09,-07:00,2026-05-01T23:16:09-07:00,2,59
projects\projects.js,21,js,36a85adc,mihirnvad,2026-05-01,23:16:09,-07:00,2026-05-01T23:16:09-07:00,2,42
projects\projects.js,22,js,36a85adc,mihirnvad,2026-05-01,23:16:09,-07:00,2026-05-01T23:16:09-07:00,1,1
projects\projects.js,23,js,36a85adc,mihirnvad,2026-05-01,23:16:09,-07:00,2026-05-01T23:16:09-07:00,0,0
projects\projects.js,24,js,36a85adc,mihirnvad,2026-05-01,23:16:09,-07:00,2026-05-01T23:16:09-07:00,0,0
projects\projects.js,25,js,36a85adc,mihirnvad,2026-05-01,23:16:09,-07:00,2026-05-01T23:16:09-07:00,0,38
projects\projects.js,26,js,36a85adc,mihirnvad,2026-05-01,23:16:09,-07:00,2026-05-01T23:16:09-07:00,1,42
projects\projects.js,27,js,36a85adc,mihirnvad,2026-05-01,23:16:09,-07:00,2026-05-01T23:16:09-07:00,1,34
projects\projects.js,28,js,36a85adc,mihirnvad,2026-05-01,23:16:09,-07:00,2026-05-01T23:16:09-07:00,0,0
projects\projects.js,29,js,36a85adc,mihirnvad,2026-05-01,23:16:09,-07:00,2026-05-01T23:16:09-07:00,1,29
projects\projects.js,30,js,36a85adc,mihirnvad,2026-05-01,23:16:09,-07:00,2026-05-01T23:16:09-07:00,1,30
projects\projects.js,31,js,36a85adc,mihirnvad,2026-05-01,23:16:09,-07:00,2026-05-01T23:16:09-07:00,0,0
projects\projects.js,32,js,36a85adc,mihirnvad,2026-05-01,23:16:09,-07:00,2026-05-01T23:16:09-07:00,1,28
projects\projects.js,33,js,36a85adc,mihirnvad,2026-05-01,23:16:09,-07:00,2026-05-01T23:16:09-07:00,2,12
projects\projects.js,34,js,36a85adc,mihirnvad,2026-05-01,23:16:09,-07:00,2026-05-01T23:16:09-07:00,2,14
projects\projects.js,35,js,36a85adc,mihirnvad,2026-05-01,23:16:09,-07:00,2026-05-01T23:16:09-07:00,2,11
projects\projects.js,36,js,36a85adc,mihirnvad,2026-05-01,23:16:09,-07:00,2026-05-01T23:16:09-07:00,1,0
projects\projects.js,37,js,36a85adc,mihirnvad,2026-05-01,23:16:09,-07:00,2026-05-01T23:16:09-07:00,0,0
projects\projects.js,38,js,36a85adc,mihirnvad,2026-05-01,23:16:09,-07:00,2026-05-01T23:16:09-07:00,1,46
projects\projects.js,39,js,36a85adc,mihirnvad,2026-05-01,23:16:09,-07:00,2026-05-01T23:16:09-07:00,2,35
projects\projects.js,40,js,36a85adc,mihirnvad,2026-05-01,23:16:09,-07:00,2026-05-01T23:16:09-07:00,1,1
projects\projects.js,41,js,36a85adc,mihirnvad,2026-05-01,23:16:09,-07:00,2026-05-01T23:16:09-07:00,0,0
projects\projects.js,42,js,36a85adc,mihirnvad,2026-05-01,23:16:09,-07:00,2026-05-01T23:16:09-07:00,1,52
projects\projects.js,43,js,36a85adc,mihirnvad,2026-05-01,23:16:09,-07:00,2026-05-01T23:16:09-07:00,1,35
projects\projects.js,44,js,36a85adc,mihirnvad,2026-05-01,23:16:09,-07:00,2026-05-01T23:16:09-07:00,0,0
projects\projects.js,45,js,36a85adc,mihirnvad,2026-05-01,23:16:09,-07:00,2026-05-01T23:16:09-07:00,1,59
projects\projects.js,46,js,36a85adc,mihirnvad,2026-05-01,23:16:09,-07:00,2026-05-01T23:16:09-07:00,1,47
projects\projects.js,47,js,36a85adc,mihirnvad,2026-05-01,23:16:09,-07:00,2026-05-01T23:16:09-07:00,0,0
projects\projects.js,48,js,36a85adc,mihirnvad,2026-05-01,23:16:09,-07:00,2026-05-01T23:16:09-07:00,1,49
projects\projects.js,49,js,36a85adc,mihirnvad,2026-05-01,23:16:09,-07:00,2026-05-01T23:16:09-07:00,0,0
projects\projects.js,50,js,36a85adc,mihirnvad,2026-05-01,23:16:09,-07:00,2026-05-01T23:16:09-07:00,1,24
projects\projects.js,51,js,36a85adc,mihirnvad,2026-05-01,23:16:09,-07:00,2026-05-01T23:16:09-07:00,2,1
projects\projects.js,52,js,36a85adc,mihirnvad,2026-05-01,23:16:09,-07:00,2026-05-01T23:16:09-07:00,3,13
projects\projects.js,53,js,36a85adc,mihirnvad,2026-05-01,23:16:09,-07:00,2026-05-01T23:16:09-07:00,3,13
projects\projects.js,54,js,36a85adc,mihirnvad,2026-05-01,23:16:09,-07:00,2026-05-01T23:16:09-07:00,3,22
projects\projects.js,55,js,36a85adc,mihirnvad,2026-05-01,23:16:09,-07:00,2026-05-01T23:16:09-07:00,3,51
projects\projects.js,56,js,36a85adc,mihirnvad,2026-05-01,23:16:09,-07:00,2026-05-01T23:16:09-07:00,3,18
projects\projects.js,57,js,36a85adc,mihirnvad,2026-05-01,23:16:09,-07:00,2026-05-01T23:16:09-07:00,4,43
projects\projects.js,58,js,36a85adc,mihirnvad,2026-05-01,23:16:09,-07:00,2026-05-01T23:16:09-07:00,0,0
projects\projects.js,59,js,36a85adc,mihirnvad,2026-05-01,23:16:09,-07:00,2026-05-01T23:16:09-07:00,4,30
projects\projects.js,60,js,36a85adc,mihirnvad,2026-05-01,23:16:09,-07:00,2026-05-01T23:16:09-07:00,4,36
projects\projects.js,61,js,36a85adc,mihirnvad,2026-05-01,23:16:09,-07:00,2026-05-01T23:16:09-07:00,3,1
projects\projects.js,62,js,36a85adc,mihirnvad,2026-05-01,23:16:09,-07:00,2026-05-01T23:16:09-07:00,1,1
projects\projects.js,63,js,36a85adc,mihirnvad,2026-05-01,23:16:09,-07:00,2026-05-01T23:16:09-07:00,0,0
projects\projects.js,64,js,36a85adc,mihirnvad,2026-05-01,23:16:09,-07:00,2026-05-01T23:16:09-07:00,1,22
projects\projects.js,65,js,36a85adc,mihirnvad,2026-05-01,23:16:09,-07:00,2026-05-01T23:16:09-07:00,2,4
projects\projects.js,66,js,36a85adc,mihirnvad,2026-05-01,23:16:09,-07:00,2026-05-01T23:16:09-07:00,3,11
projects\projects.js,67,js,36a85adc,mihirnvad,2026-05-01,23:16:09,-07:00,2026-05-01T23:16:09-07:00,3,37
projects\projects.js,68,js,36a85adc,mihirnvad,2026-05-01,23:16:09,-07:00,2026-05-01T23:16:09-07:00,3,74
projects\projects.js,69,js,36a85adc,mihirnvad,2026-05-01,23:16:09,-07:00,2026-05-01T23:16:09-07:00,3,68
projects\projects.js,70,js,36a85adc,mihirnvad,2026-05-01,23:16:09,-07:00,2026-05-01T23:16:09-07:00,3,18
projects\projects.js,71,js,36a85adc,mihirnvad,2026-05-01,23:16:09,-07:00,2026-05-01T23:16:09-07:00,4,43
projects\projects.js,72,js,36a85adc,mihirnvad,2026-05-01,23:16:09,-07:00,2026-05-01T23:16:09-07:00,0,0
projects\projects.js,73,js,36a85adc,mihirnvad,2026-05-01,23:16:09,-07:00,2026-05-01T23:16:09-07:00,4,30
projects\projects.js,74,js,36a85adc,mihirnvad,2026-05-01,23:16:09,-07:00,2026-05-01T23:16:09-07:00,4,36
projects\projects.js,75,js,36a85adc,mihirnvad,2026-05-01,23:16:09,-07:00,2026-05-01T23:16:09-07:00,3,1
projects\projects.js,76,js,36a85adc,mihirnvad,2026-05-01,23:16:09,-07:00,2026-05-01T23:16:09-07:00,1,1
projects\projects.js,77,js,36a85adc,mihirnvad,2026-05-01,23:16:09,-07:00,2026-05-01T23:16:09-07:00,0,0
projects\projects.js,78,js,36a85adc,mihirnvad,2026-05-01,23:16:09,-07:00,2026-05-01T23:16:09-07:00,0,0
projects\projects.js,79,js,36a85adc,mihirnvad,2026-05-01,23:16:09,-07:00,2026-05-01T23:16:09-07:00,0,40
projects\projects.js,80,js,36a85adc,mihirnvad,2026-05-01,23:16:09,-07:00,2026-05-01T23:16:09-07:00,1,43
projects\projects.js,81,js,36a85adc,mihirnvad,2026-05-01,23:16:09,-07:00,2026-05-01T23:16:09-07:00,0,0
projects\projects.js,82,js,36a85adc,mihirnvad,2026-05-01,23:16:09,-07:00,2026-05-01T23:16:09-07:00,1,25
projects\projects.js,83,js,36a85adc,mihirnvad,2026-05-01,23:16:09,-07:00,2026-05-01T23:16:09-07:00,2,43
projects\projects.js,84,js,36a85adc,mihirnvad,2026-05-01,23:16:09,-07:00,2026-05-01T23:16:09-07:00,0,0
projects\projects.js,85,js,36a85adc,mihirnvad,2026-05-01,23:16:09,-07:00,2026-05-01T23:16:09-07:00,2,55
projects\projects.js,86,js,36a85adc,mihirnvad,2026-05-01,23:16:09,-07:00,2026-05-01T23:16:09-07:00,3,35
projects\projects.js,87,js,36a85adc,mihirnvad,2026-05-01,23:16:09,-07:00,2026-05-01T23:16:09-07:00,2,1
projects\projects.js,88,js,36a85adc,mihirnvad,2026-05-01,23:16:09,-07:00,2026-05-01T23:16:09-07:00,1,0
projects\projects.js,89,js,36a85adc,mihirnvad,2026-05-01,23:16:09,-07:00,2026-05-01T23:16:09-07:00,0,0
projects\projects.js,90,js,36a85adc,mihirnvad,2026-05-01,23:16:09,-07:00,2026-05-01T23:16:09-07:00,1,64
projects\projects.js,91,js,36a85adc,mihirnvad,2026-05-01,23:16:09,-07:00,2026-05-01T23:16:09-07:00,1,56
projects\projects.js,92,js,36a85adc,mihirnvad,2026-05-01,23:16:09,-07:00,2026-05-01T23:16:09-07:00,0,0
projects\projects.js,93,js,36a85adc,mihirnvad,2026-05-01,23:16:09,-07:00,2026-05-01T23:16:09-07:00,0,0
projects\projects.js,94,js,36a85adc,mihirnvad,2026-05-01,23:16:09,-07:00,2026-05-01T23:16:09-07:00,0,48
projects\projects.js,95,js,36a85adc,mihirnvad,2026-05-01,23:16:09,-07:00,2026-05-01T23:16:09-07:00,1,25
projects\projects.js,96,js,36a85adc,mihirnvad,2026-05-01,23:16:09,-07:00,2026-05-01T23:16:09-07:00,1,17
projects\projects.js,97,js,36a85adc,mihirnvad,2026-05-01,23:16:09,-07:00,2026-05-01T23:16:09-07:00,0,0
projects\projects.js,98,js,36a85adc,mihirnvad,2026-05-01,23:16:09,-07:00,2026-05-01T23:16:09-07:00,1,45
projects\projects.js,99,js,36a85adc,mihirnvad,2026-05-01,23:16:09,-07:00,2026-05-01T23:16:09-07:00,0,0
projects\projects.js,100,js,36a85adc,mihirnvad,2026-05-01,23:16:09,-07:00,2026-05-01T23:16:09-07:00,1,64
projects\projects.js,101,js,36a85adc,mihirnvad,2026-05-01,23:16:09,-07:00,2026-05-01T23:16:09-07:00,1,56
projects\projects.js,102,js,36a85adc,mihirnvad,2026-05-01,23:16:09,-07:00,2026-05-01T23:16:09-07:00,1,31
projects\projects.js,103,js,36a85adc,mihirnvad,2026-05-01,23:16:09,-07:00,2026-05-01T23:16:09-07:00,0,1
projects\index.html,1,html,da6f6952,mihirnvad,2026-04-02,23:51:33,-07:00,2026-04-02T23:51:33-07:00,0,13
projects\index.html,2,html,da6f6952,mihirnvad,2026-04-02,23:51:33,-07:00,2026-04-02T23:51:33-07:00,0,14
projects\index.html,3,html,da6f6952,mihirnvad,2026-04-02,23:51:33,-07:00,2026-04-02T23:51:33-07:00,0,4
projects\index.html,4,html,da6f6952,mihirnvad,2026-04-02,23:51:33,-07:00,2026-04-02T23:51:33-07:00,2,20
projects\index.html,5,html,da6f6952,mihirnvad,2026-04-02,23:51:33,-07:00,2026-04-02T23:51:33-07:00,2,68
projects\index.html,6,html,da6f6952,mihirnvad,2026-04-02,23:51:33,-07:00,2026-04-02T23:51:33-07:00,2,21
projects\index.html,7,html,510fb95a,mihirnvad,2026-04-03,22:03:45,-07:00,2026-04-03T22:03:45-07:00,2,44
projects\index.html,8,html,2e829fe3,mihirnvad,2026-04-17,17:34:02,-07:00,2026-04-17T17:34:02-07:00,2,48
projects\index.html,9,html,3b3aece6,mihirnvad,2026-04-24,22:38:07,-07:00,2026-04-24T22:38:07-07:00,2,47
projects\index.html,10,html,da6f6952,mihirnvad,2026-04-02,23:51:33,-07:00,2026-04-02T23:51:33-07:00,0,5
projects\index.html,11,html,da6f6952,mihirnvad,2026-04-02,23:51:33,-07:00,2026-04-02T23:51:33-07:00,0,4
projects\index.html,12,html,0d6b3642,mihirnvad,2026-04-24,22:48:37,-07:00,2026-04-24T22:48:37-07:00,2,38
projects\index.html,13,html,36a85adc,mihirnvad,2026-05-01,23:16:09,-07:00,2026-05-01T23:16:09-07:00,2,34
projects\index.html,14,html,36a85adc,mihirnvad,2026-05-01,23:16:09,-07:00,2026-05-01T23:16:09-07:00,2,58
projects\index.html,15,html,36a85adc,mihirnvad,2026-05-01,23:16:09,-07:00,2026-05-01T23:16:09-07:00,2,22
projects\index.html,16,html,01a3e7fd,mihirnvad,2026-04-10,22:40:21,-07:00,2026-04-10T22:40:21-07:00,2,4
projects\index.html,17,html,14eeb07c,mihirnvad,2026-04-10,22:42:06,-07:00,2026-04-10T22:42:06-07:00,0,0
projects\index.html,18,html,36a85adc,mihirnvad,2026-05-01,23:16:09,-07:00,2026-05-01T23:16:09-07:00,2,4
projects\index.html,19,html,36a85adc,mihirnvad,2026-05-01,23:16:09,-07:00,2026-05-01T23:16:09-07:00,2,15
projects\index.html,20,html,36a85adc,mihirnvad,2026-05-01,23:16:09,-07:00,2026-05-01T23:16:09-07:00,2,11
projects\index.html,21,html,36a85adc,mihirnvad,2026-05-01,23:16:09,-07:00,2026-05-01T23:16:09-07:00,2,26
projects\index.html,22,html,36a85adc,mihirnvad,2026-05-01,23:16:09,-07:00,2026-05-01T23:16:09-07:00,2,30
projects\index.html,23,html,36a85adc,mihirnvad,2026-05-01,23:16:09,-07:00,2026-05-01T23:16:09-07:00,2,0
projects\index.html,24,html,36a85adc,mihirnvad,2026-05-01,23:16:09,-07:00,2026-05-01T23:16:09-07:00,0,0
projects\index.html,25,html,36a85adc,mihirnvad,2026-05-01,23:16:09,-07:00,2026-05-01T23:16:09-07:00,2,26
projects\index.html,26,html,36a85adc,mihirnvad,2026-05-01,23:16:09,-07:00,2026-05-01T23:16:09-07:00,0,0
projects\index.html,27,html,da6f6952,mihirnvad,2026-04-02,23:51:33,-07:00,2026-04-02T23:51:33-07:00,0,5
projects\index.html,28,html,da6f6952,mihirnvad,2026-04-02,23:51:33,-07:00,2026-04-02T23:51:33-07:00,0,5
contact\index.html,1,html,da6f6952,mihirnvad,2026-04-02,23:51:33,-07:00,2026-04-02T23:51:33-07:00,0,13
contact\index.html,2,html,da6f6952,mihirnvad,2026-04-02,23:51:33,-07:00,2026-04-02T23:51:33-07:00,0,14
contact\index.html,3,html,da6f6952,mihirnvad,2026-04-02,23:51:33,-07:00,2026-04-02T23:51:33-07:00,0,4
contact\index.html,4,html,da6f6952,mihirnvad,2026-04-02,23:51:33,-07:00,2026-04-02T23:51:33-07:00,2,20
contact\index.html,5,html,da6f6952,mihirnvad,2026-04-02,23:51:33,-07:00,2026-04-02T23:51:33-07:00,2,68
contact\index.html,6,html,da6f6952,mihirnvad,2026-04-02,23:51:33,-07:00,2026-04-02T23:51:33-07:00,2,21
contact\index.html,7,html,510fb95a,mihirnvad,2026-04-03,22:03:45,-07:00,2026-04-03T22:03:45-07:00,2,44
contact\index.html,8,html,2e829fe3,mihirnvad,2026-04-17,17:34:02,-07:00,2026-04-17T17:34:02-07:00,2,48
contact\index.html,9,html,56c2df37,mihirnvad,2026-04-03,22:05:22,-07:00,2026-04-03T22:05:22-07:00,2,0
contact\index.html,10,html,da6f6952,mihirnvad,2026-04-02,23:51:33,-07:00,2026-04-02T23:51:33-07:00,0,5
contact\index.html,11,html,da6f6952,mihirnvad,2026-04-02,23:51:33,-07:00,2026-04-02T23:51:33-07:00,0,4
contact\index.html,12,html,da6f6952,mihirnvad,2026-04-02,23:51:33,-07:00,2026-04-02T23:51:33-07:00,0,0
contact\index.html,13,html,cb4fdcfd,mihirnvad,2026-04-10,22:50:05,-07:00,2026-04-10T22:50:05-07:00,2,16
contact\index.html,14,html,cb4fdcfd,mihirnvad,2026-04-10,22:50:05,-07:00,2026-04-10T22:50:05-07:00,2,0
contact\index.html,15,html,5fffc4b5,mihirnvad,2026-04-03,22:14:34,-07:00,2026-04-03T22:14:34-07:00,2,76
contact\index.html,16,html,c563ae9c,mihirnvad,2026-04-03,22:11:02,-07:00,2026-04-03T22:11:02-07:00,0,0
contact\index.html,17,html,56e5ccd9,mihirnvad,2026-04-10,22:23:13,-07:00,2026-04-10T22:23:13-07:00,4,5
contact\index.html,18,html,56e5ccd9,mihirnvad,2026-04-10,22:23:13,-07:00,2026-04-10T22:23:13-07:00,6,37
contact\index.html,19,html,56e5ccd9,mihirnvad,2026-04-10,22:23:13,-07:00,2026-04-10T22:23:13-07:00,4,6
contact\index.html,20,html,c563ae9c,mihirnvad,2026-04-03,22:11:02,-07:00,2026-04-03T22:11:02-07:00,0,0
contact\index.html,21,html,56e5ccd9,mihirnvad,2026-04-10,22:23:13,-07:00,2026-04-10T22:23:13-07:00,4,5
contact\index.html,22,html,56e5ccd9,mihirnvad,2026-04-10,22:23:13,-07:00,2026-04-10T22:23:13-07:00,6,28
contact\index.html,23,html,56e5ccd9,mihirnvad,2026-04-10,22:23:13,-07:00,2026-04-10T22:23:13-07:00,4,6
contact\index.html,24,html,c563ae9c,mihirnvad,2026-04-03,22:11:02,-07:00,2026-04-03T22:11:02-07:00,0,0
contact\index.html,25,html,56e5ccd9,mihirnvad,2026-04-10,22:23:13,-07:00,2026-04-10T22:23:13-07:00,4,5
contact\index.html,26,html,31faaec4,mihirnvad,2026-04-10,22:26:54,-07:00,2026-04-10T22:26:54-07:00,6,48
contact\index.html,27,html,56e5ccd9,mihirnvad,2026-04-10,22:23:13,-07:00,2026-04-10T22:23:13-07:00,4,6
contact\index.html,28,html,c563ae9c,mihirnvad,2026-04-03,22:11:02,-07:00,2026-04-03T22:11:02-07:00,0,0
contact\index.html,29,html,56e5ccd9,mihirnvad,2026-04-10,22:23:13,-07:00,2026-04-10T22:23:13-07:00,4,21
contact\index.html,30,html,c563ae9c,mihirnvad,2026-04-03,22:11:02,-07:00,2026-04-03T22:11:02-07:00,0,0
contact\index.html,31,html,c563ae9c,mihirnvad,2026-04-03,22:11:02,-07:00,2026-04-03T22:11:02-07:00,2,5
contact\index.html,32,html,5fffc4b5,mihirnvad,2026-04-03,22:14:34,-07:00,2026-04-03T22:14:34-07:00,0,0
contact\index.html,33,html,da6f6952,mihirnvad,2026-04-02,23:51:33,-07:00,2026-04-02T23:51:33-07:00,0,5
contact\index.html,34,html,da6f6952,mihirnvad,2026-04-02,23:51:33,-07:00,2026-04-02T23:51:33-07:00,0,5
